{"type":"FeatureCollection","features":[{"type":"Feature","properties":{},"geometry":{"type":"MultiPolygon","coordinates":[[[[68.0,6.5],[68.0,37.0],[97.5,37.0],[97.5,6.5],[68.0,6.5]],[[68.587,23.941],[68.597,23.94],[68.608,23.935],[68.62,23.916],[68.618,23.908],[68.634,23.903],[68.641,23.904],[68.654,23.917],[68.657,23.915],[68.639,23.898],[68.632,23.898],[68.626,23.901],[68.613,23.903],[68.605,23.899],[68.599,23.893],[68.586,23.886],[68.572,23.88],[68.566,23.863],[68.556,23.854],[68.551,23.84],[68.545,23.834],[68.534,23.828],[68.515,23.825],[68.523,23.817],[68.522,23.81],[68.525,23.8],[68.517,23.794],[68.516,23.783],[68.524,23.777],[68.527,23.771],[68.525,23.759],[68.535,23.757],[68.552,23.78],[68.556,23.788],[68.565,23.798],[68.575,23.821],[68.588,23.836],[68.597,23.84],[68.617,23.838],[68.627,23.835],[68.645,23.838],[68.65,23.845],[68.657,23.847],[68.666,23.853],[68.665,23.857],[68.672,23.862],[68.693,23.861],[68.702,23.857],[68.716,23.857],[68.74,23.861],[68.729,23.855],[68.726,23.846],[68.734,23.843],[68.735,23.838],[68.727,23.829],[68.717,23.826],[68.711,23.826],[68.685,23.82],[68.675,23.811],[68.67,23.811],[68.66,23.803],[68.653,23.797],[68.644,23.781],[68.637,23.771],[68.631,23.759],[68.621,23.753],[68.604,23.748],[68.601,23.74],[68.595,23.732],[68.58,23.728],[68.557,23.717],[68.553,23.712],[68.546,23.697],[68.536,23.689],[68.528,23.688],[68.526,23.676],[68.52,23.669],[68.517,23.662],[68.501,23.657],[68.497,23.65],[68.498,23.645],[68.489,23.635],[68.489,23.627],[68.492,23.623],[68.491,23.616],[68.493,23.607],[68.487,23.596],[68.488,23.579],[68.492,23.574],[68.495,23.556],[68.494,23.549],[68.484,23.549],[68.49,23.54],[68.49,23.533],[68.496,23.525],[68.495,23.517],[68.498,23.514],[68.497,23.507],[68.492,23.503],[68.505,23.49],[68.5,23.485],[68.501,23.475],[68.512,23.466],[68.507,23.463],[68.525,23.448],[68.531,23.448],[68.532,23.44],[68.535,23.435],[68.534,23.423],[68.55,23.422],[68.553,23.415],[68.559,23.42],[68.562,23.414],[68.565,23.402],[68.564,23.394],[68.557,23.39],[68.567,23.378],[68.58,23.377],[68.579,23.382],[68.573,23.386],[68.581,23.39],[68.584,23.383],[68.592,23.374],[68.598,23.37],[68.599,23.385],[68.606,23.38],[68.613,23.367],[68.613,23.362],[68.622,23.353],[68.633,23.352],[68.637,23.344],[68.625,23.34],[68.626,23.336],[68.635,23.332],[68.633,23.324],[68.636,23.317],[68.645,23.323],[68.649,23.306],[68.657,23.303],[68.673,23.304],[68.697,23.311],[68.699,23.314],[68.71,23.313],[68.714,23.305],[68.713,23.297],[68.705,23.305],[68.695,23.307],[68.685,23.302],[68.667,23.299],[68.661,23.296],[68.649,23.297],[68.632,23.296],[68.63,23.291],[68.636,23.273],[68.641,23.267],[68.656,23.272],[68.66,23.267],[68.658,23.261],[68.649,23.258],[68.648,23.254],[68.642,23.25],[68.643,23.246],[68.628,23.247],[68.625,23.243],[68.605,23.243],[68.605,23.239],[68.613,23.228],[68.62,23.223],[68.629,23.225],[68.635,23.219],[68.627,23.216],[68.61,23.218],[68.6,23.223],[68.599,23.24],[68.59,23.238],[68.585,23.233],[68.585,23.222],[68.594,23.212],[68.608,23.203],[68.612,23.198],[68.627,23.187],[68.636,23.184],[68.641,23.179],[68.645,23.172],[68.643,23.165],[68.652,23.155],[68.673,23.142],[68.68,23.14],[68.713,23.118],[68.722,23.111],[68.737,23.101],[68.749,23.089],[68.762,23.079],[68.785,23.073],[68.802,23.065],[68.812,23.061],[68.833,23.045],[68.841,23.042],[68.885,23.015],[68.895,23.01],[68.906,23.007],[68.912,22.999],[68.928,22.992],[68.941,22.981],[68.945,22.98],[68.988,22.956],[69.005,22.949],[69.021,22.941],[69.033,22.934],[69.045,22.93],[69.06,22.919],[69.068,22.916],[69.078,22.909],[69.109,22.89],[69.127,22.875],[69.149,22.866],[69.176,22.851],[69.18,22.847],[69.197,22.838],[69.223,22.836],[69.247,22.83],[69.259,22.828],[69.267,22.824],[69.284,22.827],[69.301,22.832],[69.319,22.832],[69.334,22.828],[69.347,22.82],[69.358,22.823],[69.389,22.814],[69.407,22.806],[69.422,22.798],[69.432,22.79],[69.444,22.783],[69.447,22.78],[69.46,22.779],[69.474,22.773],[69.492,22.782],[69.486,22.787],[69.509,22.788],[69.523,22.79],[69.536,22.787],[69.553,22.786],[69.563,22.774],[69.568,22.77],[69.597,22.76],[69.608,22.762],[69.613,22.766],[69.622,22.767],[69.63,22.763],[69.641,22.767],[69.651,22.762],[69.655,22.758],[69.673,22.757],[69.69,22.745],[69.711,22.738],[69.716,22.741],[69.715,22.752],[69.72,22.76],[69.731,22.773],[69.747,22.794],[69.745,22.803],[69.753,22.82],[69.767,22.826],[69.773,22.833],[69.79,22.843],[69.798,22.85],[69.813,22.853],[69.817,22.852],[69.845,22.865],[69.866,22.873],[69.877,22.872],[69.895,22.865],[69.906,22.866],[69.913,22.873],[69.918,22.873],[69.935,22.886],[69.937,22.893],[69.951,22.893],[69.99,22.9],[69.996,22.903],[70.0,22.9],[70.024,22.902],[70.031,22.896],[70.048,22.899],[70.055,22.904],[70.069,22.904],[70.082,22.909],[70.098,22.908],[70.106,22.909],[70.122,22.92],[70.132,22.925],[70.139,22.933],[70.139,22.941],[70.135,22.943],[70.12,22.945],[70.126,22.949],[70.112,22.958],[70.11,22.962],[70.113,22.973],[70.123,22.982],[70.125,22.993],[70.129,22.992],[70.132,22.983],[70.13,22.977],[70.123,22.973],[70.12,22.965],[70.123,22.961],[70.132,22.961],[70.142,22.952],[70.149,22.951],[70.162,22.943],[70.168,22.948],[70.176,22.951],[70.195,22.95],[70.209,22.952],[70.225,22.96],[70.221,22.968],[70.201,22.982],[70.203,22.984],[70.227,22.966],[70.23,22.97],[70.229,22.977],[70.235,22.98],[70.252,22.973],[70.268,22.956],[70.287,22.945],[70.293,22.945],[70.305,22.951],[70.307,22.945],[70.322,22.937],[70.345,22.93],[70.363,22.935],[70.384,22.945],[70.393,22.963],[70.395,22.973],[70.395,22.995],[70.392,22.998],[70.396,23.016],[70.397,23.026],[70.413,23.04],[70.417,23.046],[70.429,23.057],[70.439,23.063],[70.446,23.065],[70.463,23.067],[70.479,23.071],[70.485,23.077],[70.493,23.075],[70.491,23.063],[70.472,23.012],[70.462,22.999],[70.456,22.987],[70.443,22.975],[70.435,22.962],[70.43,22.956],[70.422,22.932],[70.41,22.92],[70.388,22.91],[70.385,22.91],[70.376,22.899],[70.356,22.871],[70.342,22.848],[70.338,22.839],[70.339,22.83],[70.327,22.814],[70.325,22.807],[70.318,22.805],[70.318,22.799],[70.309,22.796],[70.31,22.786],[70.307,22.776],[70.302,22.772],[70.301,22.758],[70.293,22.749],[70.272,22.733],[70.264,22.736],[70.255,22.726],[70.255,22.707],[70.249,22.705],[70.242,22.708],[70.239,22.696],[70.252,22.695],[70.249,22.684],[70.242,22.68],[70.245,22.67],[70.231,22.647],[70.225,22.643],[70.22,22.63],[70.212,22.623],[70.199,22.617],[70.198,22.612],[70.202,22.608],[70.194,22.603],[70.193,22.587],[70.184,22.58],[70.175,22.563],[70.163,22.552],[70.147,22.553],[70.138,22.548],[70.105,22.547],[70.084,22.547],[70.073,22.55],[70.066,22.548],[70.06,22.551],[70.047,22.555],[70.04,22.563],[70.028,22.55],[70.02,22.547],[70.011,22.549],[69.999,22.547],[69.983,22.544],[69.963,22.537],[69.954,22.531],[69.946,22.528],[69.947,22.521],[69.943,22.512],[69.935,22.513],[69.923,22.503],[69.919,22.494],[69.913,22.488],[69.91,22.474],[69.911,22.468],[69.908,22.462],[69.902,22.468],[69.894,22.465],[69.883,22.458],[69.875,22.448],[69.86,22.447],[69.849,22.454],[69.841,22.456],[69.828,22.452],[69.829,22.443],[69.823,22.435],[69.823,22.427],[69.818,22.418],[69.812,22.414],[69.807,22.405],[69.793,22.403],[69.779,22.413],[69.773,22.423],[69.762,22.433],[69.755,22.432],[69.756,22.427],[69.746,22.429],[69.746,22.434],[69.74,22.44],[69.741,22.457],[69.736,22.469],[69.73,22.474],[69.723,22.468],[69.72,22.462],[69.712,22.459],[69.703,22.447],[69.7,22.455],[69.691,22.451],[69.688,22.444],[69.697,22.443],[69.702,22.434],[69.692,22.421],[69.698,22.409],[69.699,22.396],[69.681,22.395],[69.664,22.394],[69.66,22.388],[69.659,22.379],[69.655,22.37],[69.657,22.365],[69.655,22.359],[69.643,22.356],[69.63,22.363],[69.617,22.367],[69.618,22.349],[69.612,22.34],[69.609,22.349],[69.6,22.349],[69.591,22.354],[69.591,22.361],[69.583,22.363],[69.576,22.368],[69.569,22.363],[69.566,22.358],[69.56,22.367],[69.551,22.372],[69.557,22.375],[69.556,22.389],[69.552,22.394],[69.551,22.404],[69.539,22.41],[69.533,22.419],[69.523,22.427],[69.509,22.426],[69.51,22.418],[69.515,22.417],[69.518,22.411],[69.516,22.405],[69.516,22.395],[69.523,22.389],[69.521,22.379],[69.509,22.37],[69.501,22.367],[69.49,22.356],[69.488,22.348],[69.489,22.338],[69.482,22.335],[69.47,22.333],[69.467,22.33],[69.455,22.335],[69.443,22.331],[69.437,22.323],[69.423,22.317],[69.403,22.316],[69.4,22.32],[69.383,22.322],[69.367,22.317],[69.367,22.322],[69.34,22.33],[69.33,22.328],[69.332,22.322],[69.338,22.318],[69.334,22.304],[69.326,22.302],[69.325,22.295],[69.314,22.288],[69.298,22.288],[69.291,22.276],[69.28,22.271],[69.257,22.269],[69.239,22.259],[69.223,22.258],[69.207,22.264],[69.187,22.279],[69.171,22.293],[69.16,22.307],[69.159,22.317],[69.168,22.327],[69.17,22.337],[69.168,22.345],[69.177,22.354],[69.173,22.358],[69.179,22.376],[69.188,22.386],[69.197,22.387],[69.2,22.391],[69.2,22.401],[69.193,22.409],[69.191,22.422],[69.183,22.421],[69.171,22.422],[69.172,22.417],[69.165,22.413],[69.162,22.415],[69.148,22.403],[69.137,22.404],[69.124,22.4],[69.11,22.41],[69.099,22.408],[69.1,22.401],[69.092,22.395],[69.083,22.392],[69.069,22.396],[69.062,22.402],[69.062,22.407],[69.055,22.41],[69.044,22.431],[69.045,22.437],[69.052,22.44],[69.067,22.452],[69.075,22.454],[69.077,22.465],[69.085,22.474],[69.08,22.479],[69.067,22.475],[69.06,22.468],[69.04,22.457],[69.032,22.455],[69.027,22.45],[69.018,22.447],[69.008,22.44],[68.993,22.42],[68.985,22.414],[68.975,22.398],[68.969,22.392],[68.967,22.381],[68.957,22.367],[68.959,22.352],[68.956,22.346],[68.955,22.335],[68.952,22.332],[68.943,22.333],[68.936,22.312],[68.937,22.303],[68.945,22.282],[68.957,22.261],[68.953,22.248],[68.958,22.237],[68.963,22.237],[68.97,22.23],[68.971,22.226],[68.979,22.217],[68.981,22.212],[69.001,22.19],[69.008,22.182],[69.016,22.175],[69.039,22.149],[69.058,22.126],[69.083,22.104],[69.09,22.098],[69.103,22.081],[69.126,22.055],[69.16,22.019],[69.168,22.011],[69.193,21.984],[69.199,21.98],[69.212,21.964],[69.23,21.946],[69.236,21.938],[69.25,21.927],[69.259,21.918],[69.273,21.906],[69.284,21.895],[69.29,21.89],[69.317,21.868],[69.324,21.861],[69.352,21.839],[69.368,21.833],[69.376,21.826],[69.401,21.797],[69.415,21.785],[69.434,21.766],[69.444,21.759],[69.453,21.751],[69.471,21.741],[69.478,21.735],[69.502,21.71],[69.532,21.682],[69.572,21.647],[69.584,21.638],[69.602,21.637],[69.614,21.626],[69.654,21.586],[69.673,21.565],[69.69,21.55],[69.706,21.539],[69.716,21.54],[69.72,21.547],[69.715,21.551],[69.718,21.561],[69.725,21.57],[69.723,21.572],[69.705,21.59],[69.699,21.59],[69.685,21.597],[69.678,21.603],[69.676,21.612],[69.672,21.612],[69.663,21.623],[69.65,21.627],[69.654,21.631],[69.663,21.625],[69.669,21.626],[69.68,21.622],[69.692,21.614],[69.697,21.606],[69.694,21.604],[69.695,21.593],[69.703,21.602],[69.716,21.599],[69.717,21.603],[69.712,21.61],[69.7,21.617],[69.692,21.63],[69.679,21.635],[69.692,21.639],[69.698,21.644],[69.706,21.647],[69.707,21.642],[69.725,21.632],[69.737,21.643],[69.744,21.636],[69.745,21.625],[69.75,21.618],[69.751,21.61],[69.756,21.606],[69.757,21.594],[69.763,21.596],[69.764,21.579],[69.753,21.577],[69.747,21.573],[69.75,21.566],[69.747,21.562],[69.736,21.562],[69.726,21.555],[69.729,21.543],[69.723,21.542],[69.72,21.536],[69.712,21.533],[69.713,21.528],[69.728,21.513],[69.738,21.501],[69.77,21.467],[69.778,21.463],[69.788,21.452],[69.785,21.45],[69.808,21.424],[69.843,21.385],[69.857,21.368],[69.881,21.341],[69.894,21.325],[69.919,21.297],[69.923,21.292],[69.939,21.275],[69.965,21.244],[69.982,21.227],[70.007,21.199],[70.016,21.192],[70.022,21.184],[70.029,21.178],[70.06,21.142],[70.069,21.138],[70.071,21.133],[70.085,21.12],[70.1,21.105],[70.107,21.103],[70.115,21.095],[70.134,21.08],[70.14,21.085],[70.142,21.069],[70.147,21.067],[70.158,21.055],[70.163,21.053],[70.178,21.04],[70.18,21.036],[70.196,21.025],[70.212,21.01],[70.22,21.006],[70.227,20.999],[70.232,20.999],[70.24,20.993],[70.258,20.973],[70.271,20.965],[70.282,20.955],[70.315,20.935],[70.321,20.927],[70.325,20.927],[70.344,20.916],[70.365,20.901],[70.373,20.903],[70.393,20.894],[70.407,20.882],[70.425,20.863],[70.439,20.853],[70.442,20.854],[70.463,20.841],[70.471,20.838],[70.475,20.841],[70.487,20.834],[70.492,20.829],[70.501,20.823],[70.516,20.818],[70.524,20.811],[70.532,20.809],[70.542,20.802],[70.55,20.805],[70.564,20.793],[70.57,20.793],[70.579,20.788],[70.585,20.782],[70.592,20.782],[70.599,20.778],[70.608,20.777],[70.616,20.772],[70.632,20.768],[70.637,20.769],[70.645,20.763],[70.657,20.765],[70.672,20.761],[70.677,20.769],[70.674,20.758],[70.689,20.748],[70.696,20.745],[70.703,20.738],[70.707,20.738],[70.725,20.73],[70.73,20.728],[70.744,20.72],[70.758,20.723],[70.766,20.721],[70.774,20.717],[70.794,20.711],[70.803,20.702],[70.808,20.702],[70.806,20.71],[70.815,20.715],[70.829,20.709],[70.827,20.697],[70.82,20.698],[70.822,20.692],[70.836,20.691],[70.834,20.699],[70.845,20.707],[70.855,20.708],[70.859,20.706],[70.869,20.706],[70.868,20.714],[70.87,20.719],[70.872,20.726],[70.864,20.73],[70.858,20.742],[70.855,20.752],[70.854,20.753],[70.863,20.755],[70.865,20.738],[70.874,20.727],[70.886,20.733],[70.874,20.719],[70.874,20.71],[70.889,20.709],[70.892,20.708],[70.897,20.705],[70.899,20.699],[70.916,20.701],[70.918,20.71],[70.925,20.712],[70.935,20.711],[70.939,20.707],[70.955,20.704],[70.96,20.707],[70.977,20.703],[70.986,20.709],[70.994,20.711],[70.998,20.714],[70.99,20.719],[70.98,20.72],[70.975,20.726],[70.963,20.729],[70.966,20.742],[70.972,20.738],[70.981,20.744],[70.991,20.746],[70.998,20.74],[70.992,20.732],[71.011,20.74],[71.022,20.738],[71.035,20.739],[71.051,20.732],[71.061,20.736],[71.066,20.735],[71.08,20.738],[71.075,20.745],[71.078,20.75],[71.086,20.756],[71.094,20.758],[71.103,20.757],[71.112,20.761],[71.12,20.754],[71.128,20.757],[71.149,20.757],[71.149,20.763],[71.153,20.776],[71.161,20.781],[71.189,20.785],[71.202,20.788],[71.205,20.798],[71.211,20.803],[71.228,20.803],[71.233,20.805],[71.239,20.812],[71.245,20.812],[71.26,20.817],[71.28,20.828],[71.283,20.827],[71.294,20.833],[71.3,20.835],[71.323,20.846],[71.332,20.847],[71.348,20.85],[71.372,20.853],[71.382,20.86],[71.382,20.865],[71.376,20.871],[71.386,20.876],[71.396,20.865],[71.405,20.868],[71.412,20.867],[71.418,20.869],[71.426,20.867],[71.437,20.868],[71.442,20.871],[71.448,20.882],[71.463,20.881],[71.472,20.889],[71.477,20.89],[71.482,20.905],[71.488,20.915],[71.493,20.918],[71.508,20.916],[71.516,20.922],[71.507,20.932],[71.511,20.936],[71.51,20.944],[71.515,20.948],[71.523,20.949],[71.53,20.943],[71.541,20.947],[71.546,20.951],[71.565,20.95],[71.568,20.954],[71.58,20.954],[71.581,20.959],[71.592,20.96],[71.599,20.965],[71.612,20.967],[71.613,20.976],[71.618,20.975],[71.621,20.968],[71.637,20.973],[71.636,20.981],[71.638,20.99],[71.652,20.997],[71.664,20.999],[71.68,20.997],[71.68,21.002],[71.689,21.008],[71.697,21.009],[71.709,21.017],[71.721,21.022],[71.75,21.02],[71.764,21.021],[71.765,21.026],[71.772,21.027],[71.783,21.033],[71.779,21.038],[71.788,21.04],[71.807,21.038],[71.798,21.053],[71.797,21.058],[71.82,21.072],[71.824,21.068],[71.836,21.073],[71.843,21.078],[71.853,21.08],[71.87,21.09],[71.88,21.09],[71.885,21.094],[71.889,21.102],[71.898,21.107],[71.916,21.112],[71.927,21.111],[71.929,21.114],[71.94,21.116],[71.942,21.118],[71.952,21.118],[71.954,21.123],[71.963,21.124],[71.972,21.12],[71.977,21.131],[71.986,21.133],[71.983,21.138],[71.992,21.143],[71.991,21.153],[71.986,21.157],[71.995,21.162],[72.004,21.169],[72.004,21.181],[72.011,21.186],[72.02,21.187],[72.022,21.182],[72.014,21.165],[72.004,21.152],[72.0,21.153],[71.997,21.142],[72.004,21.142],[72.005,21.137],[72.011,21.135],[72.01,21.146],[72.018,21.15],[72.037,21.158],[72.048,21.161],[72.056,21.172],[72.064,21.177],[72.074,21.179],[72.087,21.19],[72.1,21.193],[72.106,21.197],[72.113,21.196],[72.115,21.202],[72.111,21.219],[72.096,21.223],[72.089,21.229],[72.086,21.242],[72.082,21.246],[72.09,21.257],[72.097,21.262],[72.098,21.271],[72.087,21.279],[72.085,21.29],[72.095,21.287],[72.102,21.278],[72.111,21.287],[72.112,21.296],[72.109,21.301],[72.117,21.317],[72.125,21.33],[72.135,21.342],[72.15,21.356],[72.16,21.37],[72.167,21.377],[72.171,21.39],[72.189,21.406],[72.2,21.412],[72.202,21.417],[72.224,21.44],[72.224,21.444],[72.235,21.457],[72.236,21.464],[72.243,21.476],[72.251,21.494],[72.256,21.513],[72.265,21.542],[72.264,21.557],[72.268,21.572],[72.291,21.607],[72.301,21.618],[72.306,21.628],[72.303,21.644],[72.285,21.667],[72.285,21.679],[72.28,21.69],[72.269,21.706],[72.269,21.708],[72.26,21.723],[72.248,21.751],[72.243,21.776],[72.241,21.787],[72.248,21.789],[72.249,21.78],[72.253,21.761],[72.259,21.75],[72.263,21.74],[72.27,21.747],[72.27,21.757],[72.26,21.784],[72.259,21.797],[72.259,21.829],[72.256,21.848],[72.255,21.864],[72.258,21.877],[72.256,21.89],[72.248,21.908],[72.24,21.918],[72.235,21.922],[72.229,21.932],[72.226,21.941],[72.22,21.948],[72.213,21.948],[72.202,21.94],[72.19,21.937],[72.172,21.953],[72.173,21.959],[72.187,21.944],[72.192,21.942],[72.2,21.949],[72.21,21.955],[72.221,21.956],[72.221,21.968],[72.225,21.976],[72.232,22.003],[72.224,22.007],[72.214,21.999],[72.2,22.004],[72.197,22.008],[72.197,22.017],[72.186,22.015],[72.18,22.019],[72.196,22.023],[72.21,22.01],[72.214,22.011],[72.223,22.021],[72.233,22.018],[72.233,22.025],[72.23,22.039],[72.231,22.049],[72.239,22.06],[72.257,22.067],[72.265,22.075],[72.278,22.08],[72.274,22.093],[72.281,22.092],[72.287,22.094],[72.287,22.1],[72.302,22.107],[72.303,22.089],[72.298,22.081],[72.304,22.077],[72.303,22.069],[72.298,22.063],[72.287,22.074],[72.272,22.065],[72.256,22.059],[72.242,22.05],[72.245,22.033],[72.253,22.029],[72.261,22.019],[72.26,22.014],[72.255,22.007],[72.252,21.987],[72.255,21.982],[72.262,21.981],[72.26,21.96],[72.263,21.947],[72.267,21.937],[72.275,21.93],[72.279,21.947],[72.279,21.955],[72.271,21.968],[72.28,21.967],[72.285,21.982],[72.286,21.995],[72.295,22.023],[72.307,22.072],[72.309,22.087],[72.315,22.102],[72.311,22.112],[72.318,22.116],[72.323,22.123],[72.323,22.132],[72.313,22.137],[72.31,22.149],[72.311,22.163],[72.313,22.172],[72.313,22.181],[72.308,22.184],[72.303,22.183],[72.297,22.191],[72.303,22.193],[72.315,22.186],[72.32,22.172],[72.316,22.16],[72.316,22.147],[72.324,22.147],[72.342,22.135],[72.341,22.125],[72.35,22.127],[72.352,22.137],[72.35,22.147],[72.357,22.152],[72.353,22.165],[72.354,22.18],[72.36,22.187],[72.363,22.183],[72.359,22.176],[72.372,22.172],[72.379,22.158],[72.387,22.16],[72.387,22.169],[72.39,22.171],[72.39,22.183],[72.38,22.195],[72.367,22.2],[72.361,22.208],[72.36,22.225],[72.371,22.245],[72.367,22.249],[72.358,22.268],[72.378,22.261],[72.382,22.253],[72.381,22.244],[72.377,22.24],[72.376,22.232],[72.382,22.218],[72.393,22.213],[72.401,22.202],[72.405,22.214],[72.411,22.215],[72.413,22.223],[72.417,22.227],[72.413,22.25],[72.413,22.262],[72.416,22.268],[72.416,22.285],[72.414,22.297],[72.411,22.299],[72.388,22.299],[72.376,22.305],[72.372,22.317],[72.373,22.323],[72.379,22.336],[72.389,22.344],[72.398,22.346],[72.404,22.352],[72.399,22.355],[72.394,22.363],[72.388,22.366],[72.382,22.376],[72.377,22.373],[72.361,22.375],[72.376,22.385],[72.394,22.382],[72.399,22.369],[72.412,22.358],[72.412,22.35],[72.402,22.328],[72.388,22.313],[72.394,22.307],[72.405,22.31],[72.435,22.301],[72.445,22.287],[72.45,22.275],[72.458,22.26],[72.471,22.243],[72.471,22.239],[72.482,22.241],[72.491,22.246],[72.494,22.242],[72.491,22.23],[72.485,22.223],[72.48,22.209],[72.474,22.201],[72.488,22.197],[72.492,22.207],[72.504,22.22],[72.508,22.232],[72.517,22.237],[72.524,22.245],[72.523,22.262],[72.526,22.269],[72.533,22.277],[72.543,22.281],[72.548,22.276],[72.537,22.274],[72.535,22.26],[72.536,22.255],[72.533,22.247],[72.541,22.243],[72.557,22.259],[72.561,22.259],[72.561,22.25],[72.568,22.255],[72.573,22.255],[72.596,22.273],[72.608,22.279],[72.63,22.284],[72.637,22.284],[72.656,22.279],[72.658,22.27],[72.672,22.254],[72.692,22.237],[72.718,22.236],[72.735,22.234],[72.752,22.231],[72.759,22.232],[72.782,22.245],[72.795,22.256],[72.806,22.26],[72.81,22.265],[72.824,22.271],[72.844,22.282],[72.853,22.282],[72.856,22.264],[72.859,22.255],[72.867,22.243],[72.883,22.242],[72.895,22.246],[72.904,22.252],[72.91,22.259],[72.912,22.275],[72.92,22.27],[72.92,22.261],[72.912,22.245],[72.899,22.232],[72.886,22.231],[72.878,22.224],[72.87,22.223],[72.848,22.237],[72.826,22.241],[72.818,22.248],[72.809,22.246],[72.799,22.237],[72.782,22.213],[72.78,22.204],[72.774,22.194],[72.758,22.174],[72.748,22.173],[72.737,22.176],[72.727,22.182],[72.708,22.186],[72.7,22.185],[72.689,22.194],[72.677,22.2],[72.661,22.211],[72.648,22.217],[72.64,22.218],[72.614,22.217],[72.601,22.213],[72.592,22.208],[72.58,22.199],[72.569,22.188],[72.557,22.169],[72.547,22.15],[72.538,22.116],[72.535,22.11],[72.527,22.078],[72.518,22.03],[72.514,22.018],[72.507,21.994],[72.503,21.959],[72.502,21.935],[72.506,21.925],[72.505,21.91],[72.508,21.898],[72.517,21.889],[72.515,21.886],[72.518,21.874],[72.519,21.863],[72.523,21.854],[72.523,21.85],[72.534,21.848],[72.562,21.83],[72.568,21.824],[72.567,21.818],[72.557,21.803],[72.552,21.792],[72.549,21.773],[72.546,21.764],[72.543,21.762],[72.543,21.743],[72.54,21.736],[72.536,21.735],[72.53,21.729],[72.527,21.722],[72.52,21.713],[72.518,21.702],[72.523,21.696],[72.522,21.692],[72.524,21.68],[72.531,21.674],[72.536,21.666],[72.547,21.658],[72.559,21.659],[72.568,21.666],[72.582,21.673],[72.589,21.674],[72.597,21.681],[72.612,21.682],[72.615,21.68],[72.632,21.679],[72.659,21.678],[72.67,21.683],[72.681,21.68],[72.698,21.682],[72.711,21.678],[72.736,21.69],[72.747,21.685],[72.751,21.677],[72.762,21.669],[72.78,21.663],[72.798,21.662],[72.814,21.666],[72.832,21.673],[72.833,21.667],[72.81,21.652],[72.787,21.645],[72.771,21.646],[72.757,21.65],[72.752,21.65],[72.747,21.642],[72.723,21.639],[72.714,21.642],[72.705,21.652],[72.698,21.65],[72.692,21.641],[72.673,21.628],[72.66,21.628],[72.652,21.623],[72.648,21.617],[72.638,21.62],[72.628,21.617],[72.626,21.609],[72.606,21.58],[72.604,21.57],[72.61,21.561],[72.603,21.559],[72.598,21.544],[72.603,21.541],[72.61,21.542],[72.608,21.53],[72.619,21.531],[72.615,21.52],[72.62,21.514],[72.622,21.506],[72.627,21.502],[72.626,21.492],[72.634,21.494],[72.639,21.498],[72.643,21.508],[72.653,21.52],[72.653,21.523],[72.662,21.528],[72.671,21.537],[72.682,21.541],[72.688,21.537],[72.706,21.532],[72.719,21.537],[72.737,21.538],[72.7,21.527],[72.686,21.528],[72.675,21.521],[72.671,21.51],[72.671,21.503],[72.667,21.493],[72.665,21.48],[72.652,21.462],[72.65,21.448],[72.643,21.441],[72.646,21.435],[72.652,21.436],[72.669,21.447],[72.68,21.448],[72.687,21.446],[72.681,21.435],[72.676,21.431],[72.665,21.427],[72.66,21.418],[72.654,21.413],[72.646,21.402],[72.627,21.383],[72.623,21.375],[72.623,21.365],[72.631,21.365],[72.635,21.362],[72.623,21.355],[72.622,21.346],[72.598,21.319],[72.593,21.312],[72.589,21.298],[72.589,21.281],[72.59,21.278],[72.603,21.276],[72.599,21.269],[72.597,21.25],[72.603,21.239],[72.611,21.229],[72.623,21.232],[72.64,21.224],[72.639,21.217],[72.63,21.224],[72.619,21.223],[72.621,21.207],[72.619,21.205],[72.618,21.188],[72.62,21.182],[72.62,21.154],[72.621,21.143],[72.625,21.138],[72.623,21.115],[72.626,21.106],[72.626,21.09],[72.633,21.08],[72.645,21.081],[72.652,21.077],[72.655,21.085],[72.659,21.088],[72.657,21.099],[72.659,21.102],[72.66,21.112],[72.658,21.123],[72.661,21.125],[72.66,21.139],[72.665,21.153],[72.671,21.158],[72.681,21.158],[72.692,21.155],[72.71,21.145],[72.716,21.141],[72.707,21.127],[72.705,21.107],[72.7,21.101],[72.706,21.073],[72.717,21.073],[72.732,21.07],[72.752,21.062],[72.756,21.062],[72.765,21.068],[72.77,21.067],[72.768,21.059],[72.763,21.058],[72.761,21.052],[72.745,21.051],[72.734,21.048],[72.728,21.053],[72.724,21.05],[72.724,21.036],[72.734,21.005],[72.735,20.994],[72.747,20.958],[72.754,20.943],[72.771,20.917],[72.771,20.934],[72.775,20.938],[72.787,20.942],[72.793,20.938],[72.794,20.932],[72.787,20.931],[72.786,20.922],[72.79,20.913],[72.792,20.897],[72.801,20.878],[72.811,20.857],[72.82,20.835],[72.825,20.819],[72.826,20.814],[72.836,20.804],[72.847,20.804],[72.848,20.798],[72.839,20.799],[72.835,20.791],[72.835,20.782],[72.842,20.776],[72.845,20.77],[72.857,20.766],[72.862,20.761],[72.862,20.755],[72.87,20.746],[72.88,20.742],[72.881,20.738],[72.87,20.733],[72.857,20.739],[72.852,20.734],[72.855,20.721],[72.861,20.7],[72.867,20.684],[72.875,20.653],[72.882,20.642],[72.887,20.642],[72.888,20.625],[72.898,20.587],[72.898,20.574],[72.886,20.55],[72.885,20.541],[72.891,20.534],[72.887,20.528],[72.888,20.515],[72.884,20.498],[72.872,20.494],[72.862,20.478],[72.86,20.471],[72.866,20.468],[72.858,20.466],[72.843,20.458],[72.833,20.445],[72.828,20.434],[72.829,20.415],[72.827,20.386],[72.822,20.371],[72.818,20.362],[72.807,20.352],[72.789,20.35],[72.784,20.342],[72.776,20.333],[72.775,20.325],[72.775,20.304],[72.769,20.3],[72.763,20.3],[72.756,20.292],[72.754,20.271],[72.75,20.255],[72.741,20.245],[72.741,20.239],[72.745,20.231],[72.747,20.21],[72.747,20.2],[72.743,20.183],[72.743,20.172],[72.738,20.137],[72.738,20.115],[72.727,20.083],[72.711,20.079],[72.708,20.069],[72.715,20.04],[72.715,20.023],[72.718,20.018],[72.722,19.997],[72.722,19.987],[72.717,19.975],[72.725,19.969],[72.733,19.962],[72.736,19.947],[72.732,19.946],[72.731,19.957],[72.72,19.968],[72.711,19.969],[72.701,19.961],[72.689,19.957],[72.684,19.945],[72.679,19.941],[72.665,19.935],[72.664,19.93],[72.671,19.928],[72.677,19.919],[72.676,19.905],[72.681,19.901],[72.683,19.891],[72.681,19.875],[72.681,19.865],[72.669,19.852],[72.663,19.852],[72.656,19.858],[72.651,19.858],[72.655,19.843],[72.651,19.84],[72.653,19.83],[72.662,19.82],[72.674,19.818],[72.68,19.813],[72.686,19.796],[72.691,19.795],[72.687,19.785],[72.688,19.771],[72.685,19.76],[72.687,19.748],[72.693,19.736],[72.701,19.732],[72.712,19.734],[72.709,19.726],[72.697,19.727],[72.707,19.712],[72.711,19.702],[72.71,19.694],[72.707,19.681],[72.707,19.672],[72.711,19.667],[72.711,19.653],[72.715,19.639],[72.723,19.626],[72.728,19.625],[72.731,19.608],[72.731,19.599],[72.723,19.597],[72.716,19.59],[72.718,19.58],[72.716,19.573],[72.72,19.567],[72.72,19.56],[72.722,19.548],[72.717,19.544],[72.718,19.539],[72.725,19.539],[72.729,19.529],[72.737,19.527],[72.742,19.516],[72.765,19.504],[72.78,19.507],[72.78,19.492],[72.767,19.483],[72.764,19.476],[72.755,19.474],[72.745,19.463],[72.745,19.456],[72.757,19.426],[72.76,19.415],[72.762,19.392],[72.758,19.384],[72.758,19.376],[72.772,19.362],[72.775,19.354],[72.78,19.351],[72.799,19.331],[72.793,19.31],[72.787,19.308],[72.784,19.303],[72.785,19.289],[72.783,19.279],[72.778,19.279],[72.781,19.27],[72.784,19.268],[72.782,19.258],[72.783,19.252],[72.778,19.237],[72.78,19.23],[72.776,19.222],[72.782,19.215],[72.783,19.201],[72.781,19.195],[72.791,19.193],[72.794,19.196],[72.792,19.204],[72.804,19.217],[72.807,19.225],[72.82,19.236],[72.822,19.245],[72.829,19.247],[72.826,19.237],[72.819,19.227],[72.813,19.223],[72.812,19.215],[72.804,19.208],[72.8,19.2],[72.797,19.198],[72.797,19.178],[72.794,19.172],[72.788,19.17],[72.784,19.162],[72.785,19.154],[72.789,19.15],[72.787,19.129],[72.795,19.13],[72.796,19.14],[72.802,19.144],[72.806,19.155],[72.811,19.157],[72.813,19.163],[72.829,19.177],[72.83,19.166],[72.824,19.165],[72.806,19.149],[72.803,19.141],[72.818,19.124],[72.823,19.11],[72.827,19.094],[72.826,19.078],[72.821,19.078],[72.823,19.069],[72.821,19.058],[72.822,19.053],[72.816,19.042],[72.824,19.042],[72.835,19.05],[72.838,19.045],[72.838,19.035],[72.836,19.028],[72.83,19.021],[72.82,19.018],[72.816,19.013],[72.811,19.002],[72.814,18.981],[72.806,18.975],[72.802,18.969],[72.799,18.959],[72.792,18.951],[72.796,18.944],[72.808,18.955],[72.812,18.955],[72.821,18.947],[72.824,18.935],[72.818,18.925],[72.825,18.922],[72.822,18.917],[72.817,18.918],[72.813,18.911],[72.806,18.913],[72.803,18.907],[72.805,18.899],[72.811,18.892],[72.818,18.902],[72.818,18.907],[72.831,18.915],[72.833,18.921],[72.84,18.922],[72.844,18.929],[72.847,18.954],[72.85,18.966],[72.856,18.978],[72.861,18.982],[72.857,18.992],[72.86,18.994],[72.862,19.003],[72.882,19.009],[72.886,19.008],[72.886,19.0],[72.899,18.997],[72.918,19.0],[72.955,19.027],[72.96,19.036],[72.963,19.058],[72.982,19.063],[72.993,19.059],[72.998,19.049],[73.001,19.036],[73.004,19.029],[73.002,19.01],[73.003,19.002],[73.009,18.999],[73.02,19.002],[73.03,19.002],[73.032,18.995],[73.027,18.989],[73.022,18.99],[73.017,18.987],[73.017,18.981],[73.007,18.977],[73.001,18.971],[72.99,18.968],[72.985,18.97],[72.982,18.964],[72.972,18.963],[72.956,18.973],[72.955,18.964],[72.948,18.953],[72.94,18.947],[72.946,18.937],[72.962,18.92],[72.957,18.91],[72.953,18.908],[72.945,18.911],[72.942,18.909],[72.942,18.897],[72.93,18.908],[72.923,18.912],[72.915,18.904],[72.908,18.902],[72.908,18.886],[72.913,18.883],[72.924,18.863],[72.923,18.855],[72.927,18.851],[72.938,18.849],[72.943,18.846],[72.965,18.853],[72.978,18.863],[72.989,18.865],[72.981,18.852],[72.983,18.829],[72.98,18.822],[72.983,18.81],[72.972,18.79],[72.965,18.793],[72.957,18.801],[72.95,18.817],[72.943,18.827],[72.937,18.825],[72.929,18.806],[72.916,18.792],[72.906,18.795],[72.906,18.8],[72.9,18.804],[72.892,18.799],[72.888,18.803],[72.877,18.802],[72.869,18.804],[72.863,18.791],[72.863,18.771],[72.867,18.758],[72.862,18.743],[72.864,18.735],[72.864,18.721],[72.861,18.707],[72.855,18.696],[72.86,18.691],[72.862,18.677],[72.864,18.669],[72.863,18.658],[72.865,18.65],[72.87,18.64],[72.878,18.637],[72.884,18.638],[72.885,18.626],[72.894,18.612],[72.909,18.579],[72.92,18.56],[72.924,18.545],[72.928,18.542],[72.928,18.536],[72.911,18.525],[72.911,18.503],[72.905,18.503],[72.902,18.493],[72.901,18.476],[72.896,18.471],[72.895,18.458],[72.9,18.455],[72.905,18.441],[72.906,18.432],[72.904,18.428],[72.909,18.421],[72.906,18.417],[72.909,18.399],[72.912,18.394],[72.924,18.392],[72.926,18.387],[72.924,18.373],[72.916,18.372],[72.911,18.367],[72.914,18.355],[72.92,18.347],[72.925,18.35],[72.936,18.348],[72.953,18.334],[72.956,18.325],[72.961,18.32],[72.956,18.315],[72.968,18.309],[72.972,18.302],[72.982,18.3],[72.987,18.288],[72.992,18.28],[72.998,18.283],[73.009,18.285],[73.022,18.278],[73.022,18.269],[73.035,18.265],[73.042,18.265],[73.055,18.27],[73.049,18.278],[73.039,18.296],[73.04,18.301],[73.045,18.307],[73.051,18.308],[73.062,18.303],[73.073,18.308],[73.079,18.315],[73.082,18.323],[73.087,18.319],[73.082,18.312],[73.083,18.301],[73.077,18.298],[73.057,18.3],[73.051,18.304],[73.043,18.299],[73.053,18.281],[73.063,18.278],[73.068,18.269],[73.068,18.263],[73.062,18.258],[73.062,18.251],[73.068,18.242],[73.076,18.239],[73.08,18.231],[73.081,18.216],[73.076,18.208],[73.076,18.2],[73.064,18.198],[73.06,18.191],[73.067,18.184],[73.08,18.179],[73.083,18.17],[73.091,18.169],[73.089,18.164],[73.078,18.162],[73.07,18.174],[73.062,18.179],[73.056,18.186],[73.055,18.195],[73.058,18.2],[73.066,18.203],[73.071,18.208],[73.07,18.221],[73.059,18.229],[73.027,18.241],[73.013,18.242],[73.002,18.248],[72.987,18.243],[72.974,18.248],[72.97,18.265],[72.971,18.271],[72.963,18.281],[72.955,18.278],[72.948,18.285],[72.938,18.284],[72.935,18.273],[72.94,18.264],[72.942,18.246],[72.94,18.242],[72.942,18.235],[72.935,18.229],[72.931,18.22],[72.936,18.217],[72.945,18.223],[72.956,18.22],[72.972,18.204],[72.981,18.193],[72.979,18.189],[72.982,18.182],[72.988,18.16],[72.987,18.149],[72.982,18.137],[72.971,18.133],[72.972,18.125],[72.979,18.114],[72.979,18.108],[72.99,18.099],[72.997,18.077],[73.002,18.071],[72.993,18.067],[72.99,18.056],[72.997,18.049],[73.002,18.055],[73.009,18.048],[73.013,18.035],[73.017,18.032],[73.022,18.039],[73.031,18.032],[73.03,18.028],[73.023,18.023],[73.019,18.026],[73.011,18.025],[73.005,18.019],[73.006,18.013],[73.017,18.007],[73.022,17.99],[73.031,17.99],[73.038,17.984],[73.04,17.978],[73.029,17.967],[73.031,17.956],[73.029,17.954],[73.03,17.944],[73.038,17.934],[73.052,17.932],[73.055,17.917],[73.054,17.9],[73.063,17.891],[73.071,17.889],[73.075,17.875],[73.082,17.865],[73.086,17.851],[73.091,17.843],[73.087,17.839],[73.095,17.825],[73.09,17.812],[73.097,17.81],[73.111,17.787],[73.115,17.77],[73.119,17.759],[73.124,17.753],[73.123,17.748],[73.128,17.738],[73.135,17.71],[73.125,17.7],[73.117,17.699],[73.114,17.689],[73.116,17.679],[73.122,17.665],[73.125,17.664],[73.133,17.653],[73.135,17.644],[73.131,17.644],[73.127,17.637],[73.133,17.627],[73.136,17.614],[73.144,17.602],[73.155,17.592],[73.162,17.591],[73.168,17.581],[73.163,17.576],[73.161,17.568],[73.15,17.573],[73.14,17.568],[73.137,17.556],[73.142,17.546],[73.152,17.536],[73.154,17.53],[73.162,17.53],[73.17,17.519],[73.175,17.517],[73.182,17.508],[73.189,17.478],[73.193,17.466],[73.185,17.457],[73.187,17.452],[73.186,17.442],[73.197,17.442],[73.193,17.432],[73.187,17.431],[73.184,17.412],[73.175,17.407],[73.167,17.405],[73.177,17.387],[73.184,17.385],[73.19,17.388],[73.201,17.387],[73.207,17.384],[73.21,17.377],[73.21,17.371],[73.216,17.371],[73.214,17.364],[73.22,17.353],[73.214,17.347],[73.225,17.335],[73.219,17.331],[73.221,17.327],[73.229,17.319],[73.242,17.317],[73.242,17.308],[73.237,17.298],[73.235,17.286],[73.226,17.282],[73.222,17.295],[73.222,17.303],[73.21,17.304],[73.203,17.299],[73.197,17.307],[73.191,17.304],[73.19,17.297],[73.194,17.296],[73.198,17.289],[73.205,17.268],[73.215,17.275],[73.223,17.266],[73.222,17.258],[73.227,17.256],[73.233,17.238],[73.232,17.233],[73.235,17.227],[73.244,17.224],[73.247,17.209],[73.237,17.194],[73.253,17.189],[73.26,17.172],[73.259,17.166],[73.264,17.157],[73.268,17.132],[73.272,17.122],[73.266,17.112],[73.28,17.113],[73.285,17.106],[73.285,17.092],[73.288,17.075],[73.288,17.058],[73.283,17.046],[73.295,17.045],[73.306,17.037],[73.317,17.039],[73.314,17.033],[73.305,17.034],[73.296,17.04],[73.285,17.038],[73.281,17.035],[73.288,17.029],[73.293,17.02],[73.287,17.015],[73.277,17.025],[73.278,17.034],[73.263,17.049],[73.257,17.049],[73.256,17.041],[73.258,17.032],[73.255,17.027],[73.259,17.02],[73.267,17.025],[73.276,17.023],[73.284,17.011],[73.284,17.002],[73.269,16.999],[73.268,16.99],[73.275,16.987],[73.277,16.992],[73.294,16.986],[73.294,16.97],[73.292,16.957],[73.282,16.948],[73.287,16.935],[73.282,16.929],[73.287,16.916],[73.284,16.908],[73.279,16.904],[73.281,16.892],[73.288,16.897],[73.298,16.897],[73.3,16.893],[73.293,16.885],[73.286,16.881],[73.286,16.873],[73.293,16.871],[73.295,16.864],[73.292,16.856],[73.293,16.835],[73.297,16.828],[73.295,16.817],[73.303,16.809],[73.316,16.807],[73.323,16.813],[73.327,16.821],[73.333,16.817],[73.326,16.813],[73.316,16.802],[73.318,16.795],[73.31,16.787],[73.305,16.767],[73.305,16.729],[73.312,16.722],[73.311,16.715],[73.315,16.713],[73.319,16.703],[73.317,16.698],[73.33,16.687],[73.33,16.677],[73.333,16.653],[73.331,16.648],[73.322,16.645],[73.323,16.637],[73.333,16.642],[73.339,16.632],[73.33,16.622],[73.335,16.619],[73.352,16.622],[73.352,16.614],[73.346,16.613],[73.34,16.604],[73.332,16.608],[73.32,16.607],[73.317,16.601],[73.322,16.591],[73.322,16.584],[73.33,16.577],[73.34,16.58],[73.345,16.576],[73.342,16.568],[73.347,16.565],[73.355,16.566],[73.35,16.55],[73.354,16.539],[73.355,16.531],[73.361,16.526],[73.374,16.519],[73.382,16.517],[73.382,16.512],[73.369,16.511],[73.347,16.53],[73.345,16.543],[73.341,16.549],[73.335,16.561],[73.326,16.558],[73.311,16.542],[73.31,16.538],[73.317,16.531],[73.318,16.519],[73.325,16.514],[73.329,16.503],[73.332,16.489],[73.336,16.481],[73.342,16.476],[73.342,16.467],[73.347,16.458],[73.35,16.446],[73.355,16.447],[73.358,16.437],[73.362,16.418],[73.366,16.414],[73.365,16.398],[73.369,16.396],[73.384,16.398],[73.386,16.403],[73.397,16.401],[73.405,16.404],[73.405,16.397],[73.4,16.389],[73.389,16.395],[73.375,16.386],[73.371,16.39],[73.367,16.376],[73.371,16.375],[73.368,16.363],[73.372,16.36],[73.377,16.362],[73.387,16.361],[73.39,16.347],[73.385,16.337],[73.395,16.332],[73.396,16.322],[73.394,16.317],[73.398,16.308],[73.399,16.302],[73.406,16.296],[73.409,16.284],[73.415,16.283],[73.411,16.275],[73.417,16.246],[73.42,16.244],[73.421,16.235],[73.427,16.214],[73.427,16.203],[73.43,16.199],[73.436,16.199],[73.442,16.186],[73.442,16.18],[73.449,16.155],[73.452,16.136],[73.458,16.117],[73.458,16.104],[73.461,16.096],[73.462,16.08],[73.465,16.072],[73.463,16.066],[73.457,16.057],[73.465,16.055],[73.469,16.046],[73.477,16.044],[73.482,16.038],[73.486,16.024],[73.491,16.012],[73.488,15.995],[73.492,15.982],[73.507,15.962],[73.502,15.957],[73.51,15.94],[73.522,15.938],[73.531,15.933],[73.535,15.938],[73.54,15.937],[73.55,15.927],[73.554,15.927],[73.567,15.918],[73.569,15.913],[73.586,15.91],[73.591,15.912],[73.591,15.9],[73.596,15.897],[73.599,15.887],[73.603,15.883],[73.61,15.869],[73.611,15.86],[73.615,15.853],[73.62,15.859],[73.626,15.853],[73.639,15.822],[73.636,15.816],[73.644,15.81],[73.651,15.802],[73.658,15.778],[73.662,15.767],[73.663,15.758],[73.658,15.748],[73.653,15.743],[73.664,15.738],[73.667,15.733],[73.68,15.724],[73.688,15.72],[73.697,15.699],[73.698,15.692],[73.703,15.688],[73.705,15.676],[73.711,15.668],[73.713,15.656],[73.718,15.641],[73.723,15.63],[73.727,15.628],[73.733,15.618],[73.738,15.617],[73.739,15.623],[73.745,15.627],[73.748,15.622],[73.755,15.617],[73.752,15.61],[73.743,15.605],[73.739,15.609],[73.731,15.608],[73.734,15.594],[73.732,15.589],[73.742,15.571],[73.741,15.564],[73.748,15.562],[73.755,15.546],[73.767,15.5],[73.764,15.495],[73.768,15.491],[73.775,15.49],[73.786,15.493],[73.788,15.5],[73.805,15.495],[73.807,15.485],[73.807,15.473],[73.801,15.461],[73.79,15.461],[73.802,15.452],[73.813,15.455],[73.83,15.453],[73.834,15.451],[73.849,15.452],[73.859,15.442],[73.862,15.428],[73.88,15.433],[73.887,15.431],[73.897,15.415],[73.895,15.408],[73.888,15.408],[73.883,15.398],[73.863,15.402],[73.859,15.399],[73.853,15.402],[73.845,15.4],[73.844,15.409],[73.835,15.41],[73.833,15.407],[73.817,15.404],[73.809,15.401],[73.807,15.407],[73.8,15.412],[73.789,15.414],[73.783,15.412],[73.791,15.394],[73.804,15.395],[73.807,15.39],[73.809,15.377],[73.821,15.373],[73.825,15.37],[73.834,15.37],[73.838,15.362],[73.842,15.36],[73.852,15.361],[73.854,15.366],[73.863,15.369],[73.873,15.37],[73.887,15.35],[73.895,15.332],[73.908,15.292],[73.909,15.29],[73.922,15.247],[73.926,15.231],[73.929,15.224],[73.931,15.212],[73.948,15.147],[73.941,15.135],[73.937,15.134],[73.941,15.12],[73.936,15.113],[73.923,15.11],[73.926,15.097],[73.917,15.089],[73.929,15.083],[73.931,15.078],[73.941,15.075],[73.948,15.075],[73.953,15.071],[73.967,15.066],[73.976,15.05],[73.983,15.05],[73.99,15.033],[73.985,15.025],[73.993,15.018],[74.003,15.018],[74.012,15.012],[74.021,15.012],[74.033,14.999],[74.043,14.977],[74.049,14.957],[74.043,14.949],[74.047,14.934],[74.042,14.923],[74.043,14.918],[74.052,14.914],[74.057,14.915],[74.065,14.908],[74.08,14.91],[74.083,14.903],[74.097,14.896],[74.097,14.895],[74.098,14.895],[74.099,14.894],[74.1,14.891],[74.099,14.88],[74.104,14.877],[74.112,14.859],[74.112,14.847],[74.117,14.844],[74.126,14.847],[74.131,14.846],[74.13,14.84],[74.125,14.837],[74.126,14.816],[74.125,14.807],[74.12,14.802],[74.109,14.807],[74.095,14.807],[74.093,14.803],[74.105,14.792],[74.109,14.793],[74.11,14.785],[74.117,14.788],[74.125,14.775],[74.128,14.78],[74.138,14.78],[74.143,14.778],[74.156,14.763],[74.151,14.752],[74.153,14.746],[74.159,14.746],[74.16,14.755],[74.179,14.75],[74.193,14.735],[74.197,14.725],[74.205,14.718],[74.209,14.72],[74.203,14.735],[74.212,14.733],[74.217,14.736],[74.228,14.737],[74.227,14.745],[74.237,14.747],[74.25,14.74],[74.264,14.717],[74.265,14.712],[74.261,14.707],[74.269,14.702],[74.282,14.678],[74.278,14.673],[74.278,14.659],[74.284,14.645],[74.284,14.631],[74.282,14.627],[74.273,14.627],[74.279,14.617],[74.28,14.61],[74.292,14.602],[74.291,14.596],[74.298,14.581],[74.3,14.575],[74.311,14.552],[74.314,14.54],[74.31,14.539],[74.311,14.532],[74.315,14.53],[74.316,14.519],[74.325,14.52],[74.337,14.518],[74.342,14.515],[74.345,14.52],[74.354,14.521],[74.356,14.526],[74.351,14.533],[74.35,14.544],[74.338,14.553],[74.335,14.563],[74.337,14.569],[74.346,14.561],[74.345,14.554],[74.35,14.546],[74.354,14.543],[74.36,14.55],[74.357,14.562],[74.365,14.566],[74.372,14.573],[74.376,14.574],[74.375,14.563],[74.369,14.558],[74.378,14.549],[74.383,14.551],[74.383,14.537],[74.389,14.534],[74.384,14.524],[74.379,14.533],[74.361,14.52],[74.359,14.511],[74.355,14.509],[74.354,14.503],[74.36,14.502],[74.367,14.483],[74.373,14.47],[74.376,14.457],[74.381,14.447],[74.385,14.428],[74.381,14.424],[74.383,14.419],[74.393,14.419],[74.399,14.396],[74.405,14.372],[74.405,14.366],[74.408,14.345],[74.413,14.33],[74.413,14.317],[74.421,14.3],[74.425,14.297],[74.424,14.29],[74.429,14.267],[74.432,14.262],[74.443,14.227],[74.447,14.22],[74.453,14.202],[74.458,14.199],[74.463,14.201],[74.467,14.197],[74.474,14.169],[74.477,14.154],[74.479,14.15],[74.479,14.14],[74.482,14.131],[74.485,14.113],[74.488,14.11],[74.487,14.097],[74.488,14.087],[74.492,14.079],[74.499,14.05],[74.502,14.023],[74.509,14.007],[74.509,14.003],[74.513,13.996],[74.515,13.986],[74.52,13.983],[74.525,13.974],[74.537,13.967],[74.542,13.957],[74.546,13.957],[74.55,13.948],[74.558,13.951],[74.56,13.946],[74.567,13.949],[74.572,13.942],[74.579,13.925],[74.584,13.924],[74.591,13.907],[74.595,13.888],[74.602,13.873],[74.61,13.867],[74.609,13.862],[74.613,13.843],[74.618,13.827],[74.624,13.797],[74.628,13.786],[74.631,13.766],[74.635,13.747],[74.644,13.694],[74.644,13.686],[74.651,13.668],[74.662,13.655],[74.665,13.644],[74.671,13.633],[74.668,13.629],[74.675,13.592],[74.681,13.549],[74.688,13.49],[74.69,13.461],[74.694,13.454],[74.694,13.43],[74.696,13.417],[74.697,13.398],[74.696,13.379],[74.698,13.353],[74.695,13.348],[74.704,13.344],[74.714,13.335],[74.723,13.303],[74.724,13.29],[74.731,13.287],[74.728,13.277],[74.724,13.28],[74.732,13.249],[74.733,13.237],[74.743,13.202],[74.743,13.194],[74.747,13.187],[74.752,13.172],[74.758,13.151],[74.77,13.095],[74.773,13.083],[74.778,13.078],[74.782,13.064],[74.779,13.054],[74.787,13.017],[74.789,13.004],[74.793,12.992],[74.797,12.973],[74.804,12.934],[74.807,12.928],[74.812,12.931],[74.821,12.928],[74.807,12.919],[74.818,12.876],[74.821,12.853],[74.824,12.847],[74.829,12.847],[74.837,12.822],[74.845,12.798],[74.852,12.789],[74.858,12.776],[74.867,12.754],[74.87,12.743],[74.876,12.732],[74.884,12.71],[74.89,12.711],[74.89,12.703],[74.894,12.691],[74.91,12.656],[74.918,12.637],[74.926,12.619],[74.927,12.613],[74.932,12.611],[74.937,12.599],[74.937,12.593],[74.955,12.549],[74.959,12.545],[74.962,12.532],[74.966,12.521],[74.973,12.499],[74.98,12.486],[74.992,12.467],[75.008,12.431],[75.015,12.417],[75.022,12.412],[75.03,12.394],[75.037,12.392],[75.045,12.379],[75.06,12.345],[75.065,12.342],[75.065,12.335],[75.072,12.32],[75.095,12.264],[75.106,12.238],[75.118,12.206],[75.122,12.214],[75.129,12.212],[75.132,12.197],[75.137,12.185],[75.142,12.184],[75.143,12.177],[75.149,12.17],[75.154,12.158],[75.155,12.147],[75.162,12.14],[75.164,12.132],[75.161,12.119],[75.171,12.115],[75.175,12.096],[75.175,12.084],[75.18,12.083],[75.178,12.074],[75.183,12.064],[75.187,12.047],[75.184,12.044],[75.187,12.037],[75.205,12.005],[75.208,12.011],[75.216,12.01],[75.222,12.014],[75.227,12.023],[75.231,12.024],[75.232,12.021],[75.243,12.014],[75.251,12.006],[75.26,11.994],[75.268,11.984],[75.288,11.956],[75.296,11.948],[75.302,11.948],[75.303,11.955],[75.291,11.967],[75.283,11.985],[75.273,11.997],[75.263,12.003],[75.264,12.017],[75.268,12.025],[75.283,12.026],[75.299,12.029],[75.303,12.033],[75.308,12.049],[75.312,12.049],[75.309,12.047],[75.304,12.025],[75.3,12.015],[75.32,12.014],[75.314,12.01],[75.316,12.004],[75.308,12.003],[75.302,12.007],[75.292,12.005],[75.279,12.022],[75.268,12.023],[75.265,12.007],[75.277,11.997],[75.291,11.986],[75.292,11.981],[75.303,11.962],[75.317,11.947],[75.335,11.943],[75.342,11.937],[75.359,11.932],[75.362,11.935],[75.365,11.947],[75.372,11.953],[75.373,11.942],[75.378,11.939],[75.379,11.93],[75.386,11.931],[75.391,11.925],[75.393,11.92],[75.385,11.917],[75.384,11.927],[75.378,11.927],[75.375,11.937],[75.37,11.939],[75.364,11.93],[75.357,11.928],[75.353,11.931],[75.342,11.932],[75.313,11.944],[75.303,11.947],[75.301,11.94],[75.317,11.919],[75.32,11.913],[75.318,11.905],[75.325,11.904],[75.333,11.894],[75.353,11.87],[75.355,11.86],[75.363,11.856],[75.368,11.852],[75.378,11.859],[75.384,11.857],[75.393,11.848],[75.399,11.841],[75.407,11.835],[75.43,11.807],[75.435,11.807],[75.442,11.797],[75.448,11.787],[75.447,11.782],[75.455,11.777],[75.454,11.77],[75.469,11.765],[75.473,11.774],[75.48,11.779],[75.479,11.789],[75.488,11.796],[75.491,11.792],[75.484,11.787],[75.487,11.784],[75.482,11.775],[75.476,11.77],[75.473,11.763],[75.482,11.754],[75.486,11.746],[75.493,11.743],[75.497,11.733],[75.507,11.733],[75.525,11.707],[75.53,11.705],[75.547,11.673],[75.548,11.667],[75.555,11.654],[75.58,11.593],[75.585,11.578],[75.594,11.572],[75.591,11.558],[75.604,11.526],[75.613,11.498],[75.618,11.489],[75.617,11.477],[75.63,11.47],[75.633,11.463],[75.646,11.468],[75.665,11.462],[75.675,11.45],[75.681,11.45],[75.702,11.417],[75.705,11.408],[75.715,11.393],[75.721,11.382],[75.728,11.363],[75.737,11.348],[75.734,11.334],[75.737,11.325],[75.747,11.319],[75.749,11.312],[75.769,11.258],[75.773,11.242],[75.784,11.213],[75.786,11.206],[75.795,11.185],[75.802,11.163],[75.809,11.166],[75.814,11.179],[75.822,11.178],[75.809,11.163],[75.802,11.16],[75.81,11.151],[75.814,11.149],[75.825,11.125],[75.834,11.135],[75.84,11.133],[75.836,11.127],[75.829,11.122],[75.833,11.105],[75.838,11.093],[75.843,11.07],[75.846,11.065],[75.854,11.027],[75.863,10.998],[75.877,10.944],[75.889,10.891],[75.905,10.813],[75.91,10.792],[75.929,10.749],[75.933,10.739],[75.951,10.699],[75.952,10.694],[75.961,10.675],[75.97,10.659],[75.979,10.637],[75.988,10.619],[75.995,10.602],[76.0,10.589],[76.016,10.556],[76.017,10.55],[76.033,10.514],[76.036,10.519],[76.031,10.527],[76.033,10.535],[76.048,10.535],[76.052,10.545],[76.067,10.545],[76.066,10.539],[76.06,10.539],[76.05,10.531],[76.037,10.532],[76.034,10.526],[76.041,10.518],[76.042,10.507],[76.04,10.505],[76.048,10.491],[76.08,10.428],[76.084,10.415],[76.09,10.404],[76.102,10.371],[76.106,10.359],[76.113,10.343],[76.118,10.324],[76.13,10.289],[76.137,10.259],[76.144,10.237],[76.16,10.188],[76.176,10.189],[76.187,10.195],[76.192,10.191],[76.18,10.187],[76.177,10.183],[76.17,10.183],[76.166,10.178],[76.167,10.172],[76.176,10.15],[76.182,10.131],[76.192,10.091],[76.197,10.072],[76.202,10.053],[76.204,10.051],[76.21,10.027],[76.212,10.026],[76.218,10.006],[76.219,9.995],[76.224,9.977],[76.232,9.972],[76.239,9.974],[76.243,9.984],[76.239,9.992],[76.241,10.002],[76.237,10.009],[76.239,10.03],[76.232,10.036],[76.232,10.047],[76.223,10.051],[76.22,10.056],[76.221,10.064],[76.225,10.067],[76.221,10.084],[76.211,10.092],[76.208,10.102],[76.214,10.106],[76.203,10.133],[76.207,10.145],[76.211,10.144],[76.21,10.137],[76.213,10.131],[76.221,10.126],[76.222,10.115],[76.226,10.111],[76.222,10.106],[76.224,10.099],[76.234,10.088],[76.24,10.075],[76.243,10.075],[76.23,10.114],[76.237,10.114],[76.241,10.109],[76.242,10.103],[76.248,10.099],[76.252,10.093],[76.253,10.083],[76.259,10.087],[76.262,10.071],[76.257,10.063],[76.26,10.047],[76.251,10.054],[76.243,10.073],[76.241,10.072],[76.248,10.057],[76.254,10.042],[76.25,10.03],[76.255,10.017],[76.261,10.034],[76.263,10.031],[76.266,10.031],[76.267,10.031],[76.267,10.028],[76.273,10.015],[76.276,10.003],[76.27,9.99],[76.293,9.942],[76.301,9.927],[76.302,9.937],[76.31299999999997,9.915000000000035],[76.308,9.922],[76.306,9.915],[76.304,9.903],[76.31,9.887],[76.318,9.887],[76.315,9.898],[76.317,9.903],[76.311,9.908],[76.313,9.914999999999988],[76.314,9.913],[76.318,9.903],[76.317,9.897],[76.319,9.889],[76.324,9.888],[76.332,9.882],[76.343,9.885],[76.34,9.894],[76.341,9.902],[76.336,9.903],[76.333,9.913],[76.34,9.92],[76.346,9.912],[76.354,9.911],[76.364,9.893],[76.373,9.871],[76.378,9.862],[76.38,9.853],[76.372,9.848],[76.386,9.841],[76.383,9.834],[76.383,9.819],[76.39,9.82],[76.387,9.811],[76.38,9.803],[76.369,9.794],[76.369,9.787],[76.374,9.778],[76.373,9.773],[76.378,9.766],[76.386,9.759],[76.391,9.742],[76.388,9.727],[76.389,9.72],[76.383,9.705],[76.387,9.701],[76.396,9.702],[76.403,9.696],[76.406,9.7],[76.414,9.697],[76.415,9.69],[76.413,9.682],[76.405,9.673],[76.405,9.658],[76.403,9.647],[76.418,9.642],[76.417,9.636],[76.423,9.627],[76.43,9.612],[76.423,9.593],[76.42,9.578],[76.417,9.572],[76.418,9.56],[76.428,9.555],[76.438,9.554],[76.4456153846154,9.548923076923074],[76.437,9.552],[76.435,9.528],[76.458,9.529],[76.465,9.53],[76.465,9.542],[76.45017647058823,9.547294117647061],[76.465,9.544],[76.478,9.538],[76.485,9.542],[76.491,9.54],[76.492,9.536],[76.501,9.529],[76.443,9.528],[76.443,9.512],[76.434,9.527],[76.383,9.526],[76.383,9.516],[76.375,9.523],[76.368,9.522],[76.357,9.525],[76.353,9.533],[76.353,9.54],[76.359,9.565],[76.359,9.575],[76.365,9.578],[76.368,9.583],[76.364,9.598],[76.367,9.611],[76.376,9.622],[76.381,9.633],[76.38,9.639],[76.382,9.653],[76.391,9.658],[76.392,9.671],[76.391,9.68],[76.384,9.679],[76.381,9.683],[76.373,9.685],[76.365,9.696],[76.364,9.703],[76.366,9.711],[76.367,9.728],[76.37,9.73],[76.372,9.742],[76.368,9.76],[76.369,9.768],[76.368,9.777],[76.362,9.79],[76.36,9.797],[76.363,9.807],[76.371,9.817],[76.367,9.823],[76.362,9.82],[76.354,9.823],[76.343,9.835],[76.34,9.842],[76.34,9.856],[76.337,9.865],[76.33,9.873],[76.32,9.871],[76.32,9.848],[76.319,9.843],[76.323,9.836],[76.322,9.83],[76.322,9.833],[76.317,9.845],[76.318,9.848],[76.317,9.868],[76.319,9.876],[76.313,9.878],[76.303,9.885],[76.296,9.883],[76.296,9.866],[76.3,9.85],[76.291,9.85],[76.294,9.838],[76.285,9.833],[76.283,9.84],[76.286,9.843],[76.283,9.85],[76.295,9.851],[76.295,9.867],[76.292,9.872],[76.288,9.891],[76.282,9.899],[76.278,9.887],[76.281,9.872],[76.27,9.866],[76.261,9.893],[76.258,9.899],[76.27,9.901],[76.275,9.9],[76.286,9.902],[76.286,9.908],[76.292,9.908],[76.293,9.902],[76.29,9.899],[76.297,9.893],[76.296,9.913],[76.293,9.922],[76.283,9.923],[76.268,9.932],[76.263,9.94],[76.26,9.962],[76.253,9.97],[76.243,9.969],[76.237,9.965],[76.237,9.956],[76.249,9.922],[76.261,9.878],[76.266,9.847],[76.27,9.832],[76.271,9.82],[76.275,9.803],[76.284,9.75],[76.286,9.723],[76.293,9.663],[76.295,9.632],[76.297,9.617],[76.3,9.586],[76.302,9.584],[76.304,9.561],[76.311,9.523],[76.316,9.5],[76.329,9.448],[76.334,9.436],[76.333,9.433],[76.339,9.412],[76.346,9.396],[76.352,9.378],[76.369,9.343],[76.385,9.306],[76.411,9.251],[76.411,9.249],[76.433,9.202],[76.443,9.178],[76.457,9.15],[76.46,9.141],[76.468,9.141],[76.461,9.158],[76.457,9.161],[76.452,9.178],[76.44,9.19],[76.438,9.204],[76.431,9.225],[76.421,9.242],[76.423,9.246],[76.432,9.23],[76.44,9.23],[76.439,9.218],[76.443,9.198],[76.455,9.175],[76.46,9.165],[76.467,9.158],[76.468,9.147],[76.471,9.142],[76.477,9.148],[76.479,9.155],[76.476,9.167],[76.48,9.167],[76.48,9.152],[76.485,9.138],[76.483,9.127],[76.479,9.131],[76.467,9.128],[76.48,9.098],[76.484,9.092],[76.497,9.063],[76.511,9.03],[76.518,9.018],[76.522,9.005],[76.523,8.992],[76.528,8.967],[76.533,8.954],[76.537,8.934],[76.54,8.927],[76.541,8.915],[76.552,8.896],[76.568,8.879],[76.572,8.882],[76.581,8.881],[76.593,8.874],[76.619,8.85],[76.632,8.837],[76.645,8.819],[76.648,8.811],[76.658,8.8],[76.68,8.773],[76.691,8.753],[76.698,8.744],[76.7,8.738],[76.705,8.734],[76.721,8.715],[76.737,8.694],[76.753,8.675],[76.756,8.67],[76.768,8.656],[76.786,8.632],[76.802,8.614],[76.818,8.592],[76.831,8.578],[76.845,8.56],[76.865,8.536],[76.889,8.505],[76.915,8.476],[76.923,8.465],[76.938,8.449],[76.946,8.438],[76.963,8.417],[76.971,8.402],[76.979,8.382],[76.989,8.374],[76.995,8.376],[77.002,8.371],[77.008,8.357],[77.016,8.357],[77.046,8.334],[77.062,8.319],[77.077,8.308],[77.086,8.304],[77.091,8.297],[77.108,8.285],[77.14,8.26],[77.146,8.258],[77.161,8.246],[77.167,8.245],[77.17,8.237],[77.18,8.227],[77.184,8.22],[77.216,8.202],[77.226,8.194],[77.23,8.185],[77.239,8.177],[77.248,8.173],[77.253,8.173],[77.275,8.163],[77.297,8.15],[77.302,8.143],[77.306,8.128],[77.316,8.121],[77.323,8.126],[77.335,8.126],[77.35,8.123],[77.37,8.117],[77.375,8.114],[77.386,8.112],[77.41,8.104],[77.43,8.099],[77.448,8.094],[77.465,8.092],[77.492,8.087],[77.498,8.087],[77.507,8.083],[77.53,8.08],[77.536,8.078],[77.552,8.078],[77.553,8.084],[77.56,8.09],[77.559,8.097],[77.559,8.12],[77.57,8.128],[77.576,8.136],[77.589,8.142],[77.595,8.143],[77.613,8.15],[77.651,8.159],[77.658,8.158],[77.675,8.16],[77.677,8.161],[77.703,8.163],[77.716,8.166],[77.723,8.171],[77.743,8.175],[77.755,8.183],[77.757,8.188],[77.766,8.194],[77.775,8.196],[77.78,8.2],[77.784,8.207],[77.783,8.22],[77.787,8.225],[77.799,8.234],[77.803,8.24],[77.813,8.246],[77.856,8.259],[77.865,8.265],[77.876,8.267],[77.887,8.273],[77.895,8.279],[77.901,8.286],[77.917,8.295],[77.928,8.297],[77.932,8.302],[77.954,8.314],[77.956,8.323],[77.968,8.333],[77.98,8.34],[78.0,8.349],[78.011,8.352],[78.023,8.359],[78.054,8.368],[78.067,8.37],[78.055,8.382],[78.058,8.395],[78.067,8.423],[78.1,8.465],[78.121,8.484],[78.13,8.498],[78.126,8.502],[78.127,8.507],[78.122,8.517],[78.124,8.532],[78.129,8.549],[78.133,8.557],[78.133,8.564],[78.139,8.589],[78.131,8.604],[78.128,8.616],[78.127,8.638],[78.121,8.622],[78.126,8.619],[78.124,8.605],[78.117,8.606],[78.118,8.597],[78.112,8.6],[78.116,8.608],[78.113,8.61],[78.104,8.603],[78.104,8.599],[78.11,8.586],[78.122,8.592],[78.128,8.598],[78.13,8.593],[78.115,8.585],[78.108,8.585],[78.107,8.58],[78.097,8.581],[78.098,8.592],[78.095,8.598],[78.101,8.612],[78.101,8.638],[78.104,8.642],[78.111,8.64],[78.112,8.648],[78.105,8.652],[78.113,8.656],[78.117,8.662],[78.123,8.662],[78.128,8.658],[78.132,8.667],[78.132,8.672],[78.135,8.689],[78.14,8.698],[78.155,8.712],[78.158,8.729],[78.162,8.737],[78.175,8.747],[78.183,8.75],[78.191,8.748],[78.197,8.752],[78.216,8.743],[78.223,8.746],[78.215,8.752],[78.212,8.748],[78.2,8.753],[78.201,8.759],[78.198,8.766],[78.2,8.784],[78.194,8.78],[78.198,8.775],[78.194,8.767],[78.189,8.765],[78.184,8.77],[78.175,8.768],[78.163,8.773],[78.16,8.783],[78.161,8.792],[78.159,8.804],[78.162,8.808],[78.165,8.822],[78.168,8.827],[78.165,8.834],[78.167,8.844],[78.166,8.857],[78.168,8.86],[78.168,8.881],[78.171,8.887],[78.181,8.895],[78.18,8.905],[78.184,8.919],[78.195,8.938],[78.206,8.952],[78.211,8.961],[78.223,8.973],[78.237,8.985],[78.266,9.002],[78.273,9.005],[78.282,9.014],[78.285,9.015],[78.31,9.032],[78.314,9.036],[78.344,9.057],[78.382,9.09],[78.412,9.112],[78.458,9.127],[78.482,9.127],[78.483,9.135],[78.489,9.138],[78.49,9.128],[78.51,9.135],[78.552,9.137],[78.562,9.137],[78.576,9.132],[78.582,9.133],[78.592,9.142],[78.614,9.152],[78.623,9.154],[78.628,9.153],[78.652,9.159],[78.649,9.165],[78.643,9.169],[78.643,9.176],[78.649,9.186],[78.657,9.192],[78.667,9.197],[78.677,9.198],[78.696,9.194],[78.704,9.191],[78.718,9.19],[78.718,9.201],[78.727,9.208],[78.735,9.212],[78.757,9.216],[78.778,9.225],[78.794,9.229],[78.807,9.237],[78.817,9.237],[78.824,9.241],[78.843,9.248],[78.853,9.248],[78.86,9.253],[78.87,9.253],[78.873,9.257],[78.882,9.256],[78.907,9.25],[78.913,9.253],[78.923,9.265],[78.935,9.268],[78.955,9.272],[78.979,9.273],[78.994,9.272],[79.027,9.268],[79.054,9.262],[79.064,9.261],[79.094,9.26],[79.12,9.269],[79.143,9.273],[79.148,9.277],[79.156,9.277],[79.169,9.28],[79.145,9.291],[79.139,9.292],[79.132,9.287],[79.124,9.29],[79.106,9.289],[79.088,9.295],[79.065,9.3],[79.046,9.311],[79.022,9.328],[79.012,9.336],[78.989,9.354],[78.983,9.361],[78.968,9.375],[78.935,9.411],[78.921,9.432],[78.901,9.468],[78.898,9.48],[78.898,9.489],[78.903,9.493],[78.908,9.491],[78.915,9.494],[78.915,9.509],[78.922,9.532],[78.918,9.537],[78.919,9.544],[78.924,9.568],[78.928,9.579],[78.929,9.594],[78.934,9.602],[78.934,9.607],[78.945,9.618],[78.956,9.625],[78.96,9.63],[78.962,9.639],[78.971,9.656],[78.972,9.668],[78.98,9.687],[78.988,9.697],[78.99,9.703],[78.998,9.713],[79.007,9.72],[79.008,9.725],[79.018,9.733],[79.021,9.742],[79.039,9.764],[79.058,9.773],[79.068,9.791],[79.078,9.799],[79.08,9.81],[79.091,9.828],[79.108,9.838],[79.108,9.842],[79.119,9.852],[79.124,9.859],[79.124,9.865],[79.119,9.874],[79.125,9.884],[79.128,9.894],[79.135,9.899],[79.144,9.91],[79.147,9.91],[79.154,9.92],[79.153,9.927],[79.155,9.932],[79.164,9.938],[79.192,9.968],[79.198,9.971],[79.204,9.982],[79.22,10.0],[79.242,10.025],[79.257,10.034],[79.262,10.041],[79.252,10.049],[79.254,10.059],[79.252,10.067],[79.247,10.071],[79.237,10.074],[79.227,10.098],[79.229,10.103],[79.228,10.113],[79.232,10.124],[79.229,10.138],[79.23,10.15],[79.24,10.154],[79.238,10.169],[79.242,10.174],[79.241,10.181],[79.245,10.185],[79.255,10.189],[79.266,10.198],[79.268,10.204],[79.281,10.214],[79.28,10.221],[79.27,10.225],[79.268,10.23],[79.274,10.241],[79.286,10.251],[79.294,10.26],[79.301,10.265],[79.308,10.264],[79.312,10.27],[79.326,10.282],[79.341,10.287],[79.351,10.286],[79.371,10.296],[79.378,10.305],[79.382,10.315],[79.397,10.318],[79.427,10.315],[79.439,10.315],[79.477,10.311],[79.512,10.309],[79.514,10.315],[79.474,10.318],[79.457,10.32],[79.461,10.325],[79.479,10.324],[79.486,10.325],[79.481,10.334],[79.487,10.336],[79.488,10.326],[79.501,10.32],[79.505,10.323],[79.502,10.334],[79.508,10.338],[79.512,10.338],[79.517,10.327],[79.522,10.331],[79.529,10.329],[79.528,10.325],[79.508,10.327],[79.516,10.32],[79.523,10.318],[79.529,10.322],[79.537,10.322],[79.543,10.324],[79.535,10.335],[79.543,10.34],[79.547,10.348],[79.575,10.341],[79.587,10.342],[79.59,10.34],[79.587,10.328],[79.56,10.333],[79.553,10.329],[79.55,10.317],[79.538,10.312],[79.532,10.317],[79.525,10.315],[79.523,10.308],[79.527,10.305],[79.55,10.301],[79.57,10.299],[79.657,10.285],[79.674,10.281],[79.686,10.28],[79.727,10.274],[79.732,10.28],[79.715,10.284],[79.708,10.283],[79.686,10.29],[79.683,10.295],[79.672,10.302],[79.667,10.296],[79.665,10.29],[79.656,10.292],[79.625,10.295],[79.62,10.299],[79.604,10.3],[79.602,10.301],[79.582,10.303],[79.581,10.309],[79.598,10.309],[79.606,10.316],[79.613,10.317],[79.622,10.332],[79.621,10.341],[79.627,10.345],[79.635,10.334],[79.637,10.328],[79.637,10.318],[79.647,10.32],[79.672,10.319],[79.687,10.325],[79.706,10.323],[79.721,10.319],[79.73,10.311],[79.738,10.31],[79.744,10.313],[79.761,10.313],[79.759,10.307],[79.764,10.301],[79.78,10.292],[79.787,10.283],[79.779,10.282],[79.77,10.288],[79.76,10.287],[79.759,10.29],[79.75,10.289],[79.75,10.284],[79.744,10.275],[79.773,10.273],[79.796,10.273],[79.824,10.275],[79.836,10.275],[79.852,10.279],[79.867,10.286],[79.879,10.297],[79.884,10.306],[79.878,10.339],[79.872,10.368],[79.866,10.416],[79.863,10.477],[79.863,10.492],[79.86,10.55],[79.856,10.587],[79.856,10.609],[79.854,10.653],[79.854,10.689],[79.853,10.722],[79.852,10.738],[79.851,10.761],[79.851,10.814],[79.853,10.831],[79.852,10.867],[79.853,10.878],[79.851,10.882],[79.853,10.89],[79.852,10.909],[79.854,10.918],[79.853,10.943],[79.853,10.969],[79.851,10.976],[79.855,10.978],[79.855,10.995],[79.857,11.026],[79.856,11.031],[79.857,11.071],[79.858,11.094],[79.859,11.14],[79.858,11.141],[79.855,11.184],[79.853,11.201],[79.849,11.233],[79.842,11.23],[79.835,11.234],[79.822,11.233],[79.826,11.24],[79.833,11.235],[79.844,11.239],[79.847,11.248],[79.842,11.267],[79.839,11.283],[79.837,11.315],[79.839,11.348],[79.838,11.357],[79.829,11.355],[79.824,11.36],[79.827,11.365],[79.823,11.375],[79.815,11.418],[79.807,11.445],[79.798,11.462],[79.788,11.476],[79.78,11.501],[79.773,11.508],[79.764,11.531],[79.759,11.552],[79.758,11.56],[79.757,11.584],[79.761,11.621],[79.76,11.626],[79.764,11.636],[79.771,11.676],[79.775,11.69],[79.777,11.71],[79.783,11.722],[79.788,11.743],[79.79,11.753],[79.794,11.768],[79.798,11.799],[79.8,11.808],[79.806,11.828],[79.806,11.832],[79.812,11.852],[79.82,11.868],[79.819,11.88],[79.824,11.882],[79.83,11.912],[79.836,11.929],[79.838,11.941],[79.84,11.956],[79.847,11.98],[79.866,12.026],[79.872,12.038],[79.885,12.065],[79.894,12.077],[79.901,12.09],[79.911,12.103],[79.931,12.138],[79.947,12.16],[79.977,12.205],[79.984,12.218],[79.99,12.224],[80.005,12.252],[79.998,12.253],[79.985,12.241],[79.98,12.234],[79.973,12.231],[79.963,12.223],[79.957,12.212],[79.946,12.217],[79.946,12.222],[79.966,12.233],[79.969,12.236],[79.983,12.244],[79.985,12.25],[79.995,12.256],[80.013,12.263],[80.017,12.275],[80.033,12.301],[80.05,12.324],[80.048,12.327],[80.053,12.334],[80.058,12.347],[80.052,12.345],[80.045,12.337],[80.036,12.338],[80.027,12.333],[80.019,12.326],[80.017,12.332],[80.017,12.341],[80.029,12.347],[80.033,12.351],[80.04,12.353],[80.044,12.358],[80.044,12.364],[80.053,12.363],[80.057,12.356],[80.064,12.353],[80.063,12.349],[80.058,12.343],[80.056,12.333],[80.07,12.353],[80.077,12.359],[80.088,12.373],[80.099,12.385],[80.116,12.405],[80.128,12.425],[80.144,12.445],[80.151,12.457],[80.157,12.471],[80.159,12.49],[80.166,12.525],[80.172,12.542],[80.18,12.561],[80.185,12.576],[80.178,12.577],[80.162,12.585],[80.166,12.606],[80.172,12.607],[80.176,12.599],[80.171,12.595],[80.175,12.591],[80.172,12.583],[80.18,12.578],[80.185,12.578],[80.188,12.591],[80.199,12.615],[80.202,12.633],[80.212,12.658],[80.227,12.703],[80.242,12.742],[80.254,12.779],[80.254,12.79],[80.25,12.793],[80.248,12.803],[80.239,12.801],[80.24,12.79],[80.238,12.784],[80.232,12.784],[80.235,12.792],[80.233,12.797],[80.235,12.803],[80.247,12.806],[80.247,12.826],[80.25,12.86],[80.252,12.875],[80.254,12.9],[80.259,12.934],[80.265,12.969],[80.275,13.004],[80.275,13.014],[80.279,13.025],[80.28,13.04],[80.282,13.057],[80.288,13.064],[80.296,13.081],[80.304,13.094],[80.298,13.097],[80.302,13.118],[80.298,13.124],[80.3,13.143],[80.31,13.163],[80.316,13.18],[80.319,13.194],[80.332,13.232],[80.318,13.226],[80.317,13.231],[80.331,13.236],[80.334,13.24],[80.337,13.253],[80.337,13.261],[80.343,13.275],[80.343,13.288],[80.346,13.295],[80.346,13.328],[80.344,13.342],[80.34,13.362],[80.33,13.4],[80.328,13.43],[80.32,13.427],[80.313,13.428],[80.295,13.427],[80.29,13.435],[80.286,13.433],[80.274,13.445],[80.267,13.459],[80.267,13.467],[80.262,13.473],[80.255,13.474],[80.247,13.473],[80.245,13.48],[80.237,13.484],[80.226,13.486],[80.209,13.487],[80.188,13.492],[80.177,13.495],[80.169,13.49],[80.162,13.49],[80.147,13.498],[80.143,13.507],[80.138,13.512],[80.128,13.517],[80.125,13.506],[80.118,13.507],[80.117,13.517],[80.109,13.519],[80.104,13.527],[80.098,13.531],[80.097,13.541],[80.091,13.543],[80.086,13.552],[80.077,13.554],[80.073,13.558],[80.067,13.573],[80.06,13.575],[80.053,13.583],[80.056,13.596],[80.061,13.595],[80.072,13.608],[80.072,13.635],[80.075,13.64],[80.085,13.646],[80.081,13.656],[80.084,13.661],[80.097,13.665],[80.089,13.654],[80.098,13.653],[80.103,13.654],[80.105,13.66],[80.101,13.677],[80.101,13.687],[80.108,13.692],[80.1,13.699],[80.107,13.7],[80.111,13.695],[80.108,13.69],[80.108,13.675],[80.125,13.67],[80.116,13.658],[80.108,13.654],[80.109,13.642],[80.117,13.631],[80.12,13.62],[80.126,13.612],[80.131,13.61],[80.139,13.613],[80.145,13.63],[80.143,13.635],[80.147,13.662],[80.143,13.671],[80.143,13.68],[80.14,13.691],[80.142,13.694],[80.138,13.71],[80.131,13.713],[80.132,13.726],[80.137,13.726],[80.147,13.721],[80.14,13.715],[80.144,13.702],[80.154,13.703],[80.167,13.687],[80.174,13.682],[80.187,13.67],[80.19,13.663],[80.188,13.648],[80.194,13.638],[80.202,13.632],[80.214,13.627],[80.22,13.621],[80.225,13.609],[80.24,13.598],[80.244,13.585],[80.251,13.579],[80.25,13.572],[80.254,13.571],[80.264,13.561],[80.265,13.549],[80.267,13.535],[80.272,13.523],[80.273,13.517],[80.278,13.513],[80.282,13.5],[80.281,13.489],[80.288,13.474],[80.286,13.464],[80.293,13.447],[80.302,13.44],[80.306,13.434],[80.315,13.435],[80.315,13.445],[80.308,13.467],[80.301,13.473],[80.283,13.527],[80.271,13.557],[80.253,13.595],[80.243,13.614],[80.239,13.628],[80.235,13.65],[80.233,13.67],[80.234,13.676],[80.234,13.695],[80.236,13.713],[80.242,13.743],[80.249,13.763],[80.252,13.783],[80.246,13.809],[80.245,13.82],[80.235,13.832],[80.225,13.857],[80.22,13.877],[80.209,13.899],[80.202,13.911],[80.195,13.925],[80.187,13.95],[80.181,13.961],[80.172,13.984],[80.167,13.988],[80.158,14.0],[80.158,14.007],[80.154,14.013],[80.155,14.019],[80.148,14.028],[80.141,14.06],[80.141,14.069],[80.137,14.076],[80.133,14.1],[80.131,14.118],[80.13,14.124],[80.127,14.166],[80.127,14.194],[80.129,14.213],[80.131,14.229],[80.135,14.24],[80.134,14.244],[80.138,14.254],[80.138,14.27],[80.142,14.285],[80.147,14.3],[80.161,14.335],[80.165,14.34],[80.17,14.361],[80.172,14.383],[80.173,14.426],[80.18,14.512],[80.182,14.53],[80.188,14.551],[80.198,14.58],[80.199,14.587],[80.197,14.593],[80.192,14.601],[80.188,14.6],[80.173,14.609],[80.166,14.622],[80.157,14.65],[80.157,14.655],[80.147,14.686],[80.144,14.701],[80.138,14.705],[80.137,14.711],[80.13,14.723],[80.12,14.735],[80.115,14.738],[80.112,14.744],[80.102,14.767],[80.093,14.805],[80.089,14.812],[80.087,14.822],[80.087,14.837],[80.086,14.871],[80.083,14.889],[80.073,14.92],[80.069,14.927],[80.068,14.936],[80.065,14.947],[80.063,14.959],[80.055,14.999],[80.053,15.018],[80.051,15.028],[80.048,15.063],[80.048,15.089],[80.052,15.11],[80.066,15.157],[80.078,15.181],[80.061,15.19],[80.07,15.193],[80.078,15.189],[80.083,15.195],[80.088,15.219],[80.087,15.237],[80.083,15.254],[80.083,15.262],[80.091,15.294],[80.095,15.302],[80.097,15.313],[80.105,15.328],[80.105,15.333],[80.11,15.346],[80.118,15.361],[80.127,15.376],[80.15,15.405],[80.174,15.432],[80.193,15.455],[80.201,15.465],[80.208,15.48],[80.211,15.494],[80.202,15.495],[80.209,15.505],[80.214,15.506],[80.216,15.517],[80.225,15.533],[80.228,15.542],[80.226,15.553],[80.229,15.569],[80.237,15.601],[80.245,15.622],[80.262,15.653],[80.263,15.658],[80.27,15.673],[80.283,15.686],[80.288,15.693],[80.312,15.721],[80.34,15.747],[80.351,15.754],[80.356,15.759],[80.384,15.778],[80.391,15.781],[80.41,15.793],[80.45,15.815],[80.509,15.84],[80.532,15.848],[80.535,15.853],[80.542,15.852],[80.567,15.861],[80.61,15.872],[80.632,15.874],[80.644,15.878],[80.686,15.882],[80.712,15.88],[80.747,15.872],[80.761,15.867],[80.777,15.863],[80.786,15.86],[80.806,15.842],[80.812,15.832],[80.811,15.816],[80.796,15.817],[80.794,15.808],[80.798,15.797],[80.804,15.785],[80.806,15.772],[80.812,15.76],[80.812,15.75],[80.815,15.742],[80.808,15.74],[80.803,15.744],[80.797,15.755],[80.792,15.761],[80.793,15.771],[80.789,15.773],[80.786,15.785],[80.781,15.778],[80.786,15.768],[80.793,15.757],[80.8,15.74],[80.808,15.733],[80.816,15.72],[80.822,15.713],[80.838,15.709],[80.856,15.71],[80.917,15.72],[80.93,15.724],[80.938,15.718],[80.943,15.72],[80.954,15.728],[80.966,15.731],[80.983,15.74],[80.998,15.75],[81.006,15.758],[81.006,15.767],[81.012,15.769],[81.012,15.776],[81.006,15.781],[80.995,15.803],[80.995,15.814],[80.998,15.83],[81.007,15.839],[81.011,15.84],[81.02,15.857],[81.033,15.871],[81.049,15.885],[81.058,15.897],[81.068,15.91],[81.088,15.93],[81.101,15.94],[81.11,15.948],[81.128,15.963],[81.133,15.974],[81.146,15.974],[81.146,15.981],[81.142,15.985],[81.14,15.998],[81.141,16.018],[81.152,16.035],[81.174,16.076],[81.189,16.103],[81.198,16.127],[81.202,16.147],[81.205,16.176],[81.211,16.187],[81.218,16.21],[81.23,16.232],[81.243,16.25],[81.269,16.279],[81.283,16.291],[81.319,16.313],[81.339,16.322],[81.367,16.333],[81.393,16.342],[81.388,16.353],[81.382,16.359],[81.366,16.352],[81.366,16.345],[81.36,16.34],[81.357,16.335],[81.349,16.334],[81.359,16.346],[81.361,16.354],[81.369,16.362],[81.375,16.36],[81.383,16.362],[81.392,16.348],[81.399,16.344],[81.408,16.344],[81.438,16.35],[81.47,16.353],[81.509,16.352],[81.518,16.358],[81.527,16.354],[81.536,16.359],[81.543,16.358],[81.553,16.351],[81.56,16.352],[81.561,16.345],[81.58,16.344],[81.62,16.338],[81.648,16.334],[81.674,16.333],[81.687,16.332],[81.711,16.32],[81.717,16.32],[81.719,16.312],[81.733,16.316],[81.737,16.319],[81.747,16.323],[81.774,16.334],[81.817,16.357],[81.842,16.37],[81.863,16.378],[81.892,16.386],[81.925,16.394],[81.945,16.395],[81.958,16.403],[81.978,16.411],[81.984,16.415],[82.005,16.425],[82.03,16.438],[82.033,16.445],[82.043,16.447],[82.073,16.463],[82.087,16.469],[82.134,16.494],[82.151,16.501],[82.154,16.503],[82.174,16.513],[82.183,16.518],[82.222,16.537],[82.26,16.551],[82.286,16.557],[82.292,16.564],[82.273,16.56],[82.268,16.565],[82.279,16.572],[82.29,16.571],[82.299,16.587],[82.3,16.592],[82.292,16.607],[82.289,16.616],[82.281,16.633],[82.278,16.636],[82.266,16.642],[82.262,16.641],[82.254,16.653],[82.255,16.66],[82.261,16.667],[82.259,16.687],[82.258,16.69],[82.257,16.695],[82.247,16.706],[82.243,16.708],[82.246,16.717],[82.253,16.718],[82.264,16.713],[82.272,16.708],[82.291,16.707],[82.299,16.714],[82.3,16.714],[82.307,16.719],[82.318,16.733],[82.342,16.736],[82.341,16.753],[82.343,16.761],[82.345,16.777],[82.35,16.785],[82.352,16.8],[82.356,16.812],[82.352,16.822],[82.355,16.837],[82.359,16.849],[82.357,16.854],[82.358,16.865],[82.364,16.884],[82.366,16.902],[82.365,16.915],[82.357,16.965],[82.349,16.978],[82.342,16.985],[82.332,16.991],[82.324,16.989],[82.332,16.982],[82.341,16.965],[82.355,16.957],[82.358,16.951],[82.363,16.91],[82.362,16.901],[82.362,16.888],[82.359,16.873],[82.356,16.869],[82.354,16.852],[82.348,16.852],[82.338,16.857],[82.322,16.854],[82.315,16.847],[82.312,16.855],[82.304,16.863],[82.282,16.878],[82.27,16.876],[82.265,16.886],[82.258,16.888],[82.255,16.903],[82.251,16.906],[82.249,16.93],[82.251,16.935],[82.272,16.94],[82.269,16.956],[82.275,16.971],[82.283,16.971],[82.284,16.977],[82.276,16.977],[82.277,16.982],[82.282,16.985],[82.278,16.992],[82.293,17.025],[82.303,17.041],[82.332,17.072],[82.345,17.086],[82.356,17.094],[82.366,17.106],[82.369,17.106],[82.407,17.143],[82.439,17.173],[82.472,17.199],[82.478,17.205],[82.49,17.214],[82.509,17.226],[82.532,17.243],[82.578,17.273],[82.601,17.286],[82.606,17.288],[82.623,17.299],[82.648,17.313],[82.663,17.322],[82.703,17.344],[82.712,17.347],[82.758,17.37],[82.799,17.388],[82.84,17.406],[82.86,17.413],[82.869,17.415],[82.868,17.422],[82.878,17.42],[82.885,17.427],[82.912,17.439],[82.926,17.443],[82.942,17.452],[82.945,17.451],[82.954,17.46],[82.96,17.461],[82.985,17.47],[82.995,17.475],[82.994,17.48],[83.003,17.487],[83.007,17.498],[83.013,17.503],[83.033,17.513],[83.081,17.532],[83.088,17.533],[83.091,17.538],[83.104,17.544],[83.161,17.561],[83.17,17.567],[83.176,17.575],[83.197,17.584],[83.216,17.594],[83.215,17.598],[83.235,17.611],[83.232,17.623],[83.24,17.633],[83.26,17.644],[83.261,17.65],[83.278,17.659],[83.295,17.675],[83.295,17.686],[83.298,17.694],[83.306,17.698],[83.307,17.702],[83.315,17.709],[83.342,17.723],[83.346,17.728],[83.343,17.737],[83.354,17.757],[83.365,17.765],[83.373,17.769],[83.386,17.779],[83.385,17.784],[83.391,17.794],[83.41,17.81],[83.416,17.823],[83.416,17.834],[83.41,17.843],[83.419,17.857],[83.428,17.864],[83.444,17.872],[83.447,17.881],[83.455,17.888],[83.452,17.9],[83.462,17.906],[83.471,17.915],[83.485,17.923],[83.488,17.926],[83.511,17.937],[83.52,17.945],[83.53,17.949],[83.544,17.963],[83.547,17.971],[83.559,17.983],[83.559,17.999],[83.566,18.01],[83.57,18.014],[83.585,18.022],[83.611,18.043],[83.628,18.052],[83.642,18.062],[83.67,18.084],[83.713,18.111],[83.785,18.147],[83.787,18.147],[83.829,18.164],[83.863,18.176],[83.874,18.184],[83.875,18.188],[83.886,18.195],[83.901,18.201],[83.934,18.21],[83.951,18.217],[83.978,18.233],[83.992,18.239],[84.011,18.25],[84.017,18.251],[84.07,18.276],[84.074,18.277],[84.087,18.288],[84.103,18.297],[84.13,18.314],[84.125,18.328],[84.128,18.351],[84.134,18.347],[84.146,18.364],[84.153,18.377],[84.188,18.412],[84.219,18.442],[84.262,18.481],[84.286,18.502],[84.315,18.524],[84.353,18.555],[84.356,18.557],[84.356,18.575],[84.363,18.588],[84.378,18.606],[84.386,18.613],[84.401,18.628],[84.409,18.634],[84.441,18.664],[84.441,18.68],[84.46,18.702],[84.462,18.707],[84.472,18.718],[84.483,18.728],[84.49,18.739],[84.51,18.758],[84.532,18.772],[84.546,18.786],[84.555,18.796],[84.557,18.817],[84.564,18.828],[84.577,18.837],[84.576,18.847],[84.589,18.873],[84.615,18.902],[84.631,18.916],[84.646,18.931],[84.669,18.952],[84.682,18.966],[84.678,18.967],[84.669,18.957],[84.665,18.966],[84.67,18.97],[84.683,18.97],[84.688,18.973],[84.702,18.992],[84.716,19.012],[84.72,19.015],[84.729,19.028],[84.761,19.071],[84.768,19.082],[84.781,19.103],[84.78,19.109],[84.766,19.1],[84.757,19.098],[84.758,19.087],[84.744,19.088],[84.739,19.092],[84.73,19.089],[84.724,19.09],[84.719,19.096],[84.715,19.099],[84.711,19.108],[84.707,19.108],[84.703,19.119],[84.71,19.122],[84.713,19.127],[84.722,19.133],[84.724,19.14],[84.735,19.144],[84.747,19.143],[84.75,19.137],[84.744,19.128],[84.743,19.123],[84.737,19.122],[84.734,19.113],[84.726,19.103],[84.727,19.096],[84.735,19.101],[84.737,19.11],[84.746,19.118],[84.768,19.109],[84.777,19.11],[84.786,19.121],[84.796,19.129],[84.797,19.133],[84.805,19.148],[84.823,19.172],[84.837,19.187],[84.844,19.196],[84.876,19.227],[84.886,19.238],[84.9,19.248],[84.912,19.26],[84.918,19.264],[84.932,19.278],[84.956,19.296],[84.96,19.297],[84.97,19.308],[84.985,19.319],[85.011,19.334],[85.036,19.35],[85.061,19.363],[85.066,19.372],[85.085,19.384],[85.093,19.398],[85.106,19.415],[85.117,19.425],[85.139,19.443],[85.163,19.461],[85.19,19.479],[85.221,19.501],[85.238,19.514],[85.241,19.515],[85.265,19.532],[85.278,19.542],[85.295,19.554],[85.315,19.564],[85.338,19.58],[85.345,19.583],[85.368,19.597],[85.382,19.603],[85.419,19.623],[85.443,19.634],[85.452,19.637],[85.493,19.654],[85.531,19.675],[85.548,19.681],[85.568,19.693],[85.582,19.698],[85.614,19.714],[85.647,19.729],[85.66,19.732],[85.664,19.739],[85.68,19.746],[85.692,19.749],[85.711,19.756],[85.766,19.775],[85.776,19.778],[85.782,19.782],[85.791,19.784],[85.808,19.79],[85.818,19.792],[85.846,19.801],[85.877,19.81],[85.908,19.818],[85.914,19.823],[85.926,19.823],[85.953,19.83],[85.996,19.838],[86.003,19.838],[86.045,19.847],[86.048,19.852],[86.073,19.857],[86.078,19.857],[86.095,19.86],[86.12,19.867],[86.132,19.87],[86.191,19.888],[86.228,19.901],[86.238,19.913],[86.247,19.911],[86.272,19.924],[86.296,19.936],[86.322,19.944],[86.363,19.953],[86.366,19.958],[86.355,19.962],[86.341,19.971],[86.338,19.975],[86.329,19.979],[86.319,19.989],[86.312,20.001],[86.312,20.004],[86.305,20.014],[86.299,20.017],[86.295,20.024],[86.285,20.024],[86.275,20.018],[86.255,20.018],[86.249,20.021],[86.241,20.029],[86.244,20.034],[86.248,20.053],[86.262,20.062],[86.274,20.062],[86.277,20.058],[86.286,20.05],[86.294,20.054],[86.301,20.047],[86.316,20.04],[86.328,20.03],[86.328,20.023],[86.336,20.011],[86.34,19.997],[86.339,19.99],[86.348,19.982],[86.359,19.98],[86.374,19.98],[86.387,19.976],[86.391,19.981],[86.411,20.0],[86.413,20.012],[86.407,20.02],[86.414,20.041],[86.419,20.046],[86.427,20.05],[86.432,20.06],[86.453,20.077],[86.476,20.101],[86.475,20.104],[86.481,20.115],[86.486,20.117],[86.494,20.124],[86.498,20.134],[86.504,20.142],[86.509,20.152],[86.522,20.171],[86.534,20.182],[86.529,20.186],[86.524,20.179],[86.514,20.174],[86.503,20.164],[86.502,20.159],[86.495,20.153],[86.496,20.148],[86.481,20.133],[86.478,20.135],[86.491,20.158],[86.488,20.167],[86.485,20.17],[86.493,20.173],[86.496,20.181],[86.51,20.177],[86.518,20.187],[86.53,20.194],[86.536,20.2],[86.546,20.202],[86.552,20.209],[86.557,20.208],[86.567,20.215],[86.576,20.218],[86.582,20.218],[86.591,20.225],[86.597,20.226],[86.618,20.237],[86.656,20.253],[86.675,20.258],[86.677,20.267],[86.696,20.278],[86.716,20.286],[86.719,20.291],[86.709,20.292],[86.708,20.298],[86.722,20.306],[86.734,20.308],[86.745,20.317],[86.769,20.331],[86.781,20.346],[86.79,20.359],[86.789,20.37],[86.782,20.388],[86.777,20.394],[86.769,20.398],[86.761,20.397],[86.749,20.406],[86.733,20.403],[86.732,20.408],[86.734,20.423],[86.732,20.436],[86.733,20.455],[86.738,20.469],[86.745,20.47],[86.75,20.482],[86.752,20.494],[86.759,20.506],[86.771,20.504],[86.774,20.508],[86.775,20.517],[86.784,20.536],[86.793,20.545],[86.809,20.553],[86.814,20.559],[86.819,20.56],[86.842,20.577],[86.847,20.579],[86.86,20.59],[86.873,20.598],[86.885,20.604],[86.897,20.612],[86.904,20.618],[86.92,20.627],[86.938,20.64],[86.943,20.641],[86.951,20.648],[86.973,20.661],[87.027,20.696],[87.033,20.706],[87.02,20.702],[87.006,20.696],[86.995,20.702],[86.978,20.705],[86.97,20.709],[86.935,20.711],[86.91,20.701],[86.901,20.696],[86.883,20.681],[86.872,20.669],[86.85,20.652],[86.843,20.651],[86.84075,20.6537],[86.845,20.652],[86.854,20.657],[86.87,20.675],[86.885,20.689],[86.893,20.695],[86.927,20.714],[86.935,20.717],[86.957,20.714],[86.968,20.715],[86.981,20.714],[86.995,20.71],[87.001,20.716],[87.005,20.729],[87.007,20.743],[86.999,20.756],[86.995,20.767],[86.991,20.772],[86.975,20.771],[86.963,20.767],[86.938,20.767],[86.916,20.769],[86.903,20.767],[86.891,20.767],[86.871,20.772],[86.861,20.776],[86.85,20.774],[86.836,20.766],[86.83,20.76],[86.824,20.745],[86.822,20.731],[86.818,20.718],[86.806,20.705],[86.802,20.683],[86.789,20.665],[86.776,20.651],[86.777,20.647],[86.786,20.644],[86.791,20.646],[86.806,20.645],[86.815,20.638],[86.819,20.639],[86.822,20.647],[86.813,20.662],[86.808,20.667],[86.795,20.666],[86.796,20.671],[86.803,20.677],[86.817,20.677],[86.828,20.674],[86.836,20.666],[86.83966666666667,20.654999999999987],[86.838,20.657],[86.834,20.667],[86.826,20.674],[86.813,20.676],[86.802,20.675],[86.806,20.669],[86.816,20.661],[86.823,20.646],[86.821,20.64],[86.817,20.636],[86.807,20.643],[86.793,20.645],[86.782,20.643],[86.774,20.645],[86.771,20.642],[86.771,20.627],[86.764,20.617],[86.76,20.618],[86.766,20.63],[86.767,20.644],[86.775,20.658],[86.783,20.665],[86.789,20.675],[86.788,20.682],[86.794,20.697],[86.801,20.708],[86.816,20.724],[86.819,20.744],[86.813,20.748],[86.818,20.761],[86.828,20.772],[86.835,20.777],[86.855,20.786],[86.863,20.792],[86.881,20.798],[86.886,20.795],[86.901,20.792],[86.919,20.791],[86.939,20.79],[86.958,20.785],[86.962,20.789],[86.965,20.798],[86.97,20.828],[86.965,20.842],[86.959,20.864],[86.945,20.885],[86.938,20.897],[86.939,20.9],[86.926,20.926],[86.921,20.937],[86.911,20.955],[86.91,20.965],[86.899,20.998],[86.889,21.016],[86.871,21.039],[86.866,21.047],[86.858,21.055],[86.856,21.064],[86.844,21.085],[86.828,21.126],[86.827,21.133],[86.824,21.138],[86.826,21.162],[86.828,21.176],[86.823,21.179],[86.823,21.192],[86.831,21.199],[86.83,21.204],[86.838,21.206],[86.845,21.22],[86.842,21.221],[86.846,21.229],[86.846,21.237],[86.859,21.262],[86.868,21.276],[86.884,21.294],[86.89,21.306],[86.892,21.316],[86.897,21.318],[86.908,21.328],[86.915,21.34],[86.928,21.351],[86.947,21.374],[86.978,21.406],[86.996,21.421],[87.0,21.422],[87.018,21.435],[87.026,21.439],[87.053,21.462],[87.064,21.464],[87.062,21.476],[87.07,21.471],[87.086,21.481],[87.114,21.508],[87.113,21.516],[87.124,21.521],[87.125,21.515],[87.13,21.513],[87.155,21.527],[87.188,21.54],[87.207,21.546],[87.241,21.552],[87.268,21.553],[87.273,21.554],[87.303,21.556],[87.318,21.554],[87.333,21.554],[87.35,21.552],[87.372,21.551],[87.38,21.546],[87.383,21.549],[87.384,21.559],[87.387,21.565],[87.397,21.558],[87.404,21.556],[87.412,21.567],[87.456,21.597],[87.464,21.606],[87.477,21.607],[87.482,21.609],[87.504,21.617],[87.526,21.622],[87.535,21.627],[87.545,21.629],[87.553,21.636],[87.56,21.633],[87.589,21.639],[87.628,21.646],[87.634,21.649],[87.637,21.655],[87.65,21.649],[87.678,21.654],[87.712,21.665],[87.74,21.678],[87.75,21.687],[87.749,21.692],[87.753,21.698],[87.76,21.698],[87.775,21.694],[87.79,21.695],[87.81,21.706],[87.817,21.713],[87.825,21.724],[87.831,21.734],[87.861,21.757],[87.884,21.776],[87.893,21.78],[87.895,21.784],[87.888,21.791],[87.905,21.796],[87.914,21.798],[87.925,21.802],[87.927,21.8],[87.94,21.82],[87.98,21.858],[87.983,21.866],[87.992,21.885],[88.004,21.904],[88.011,21.92],[88.013,21.928],[88.025,21.957],[88.031,21.968],[88.036,21.981],[88.046,22.0],[88.052,22.007],[88.053,22.013],[88.033,22.025],[88.018,22.04],[88.014,22.064],[88.011,22.07],[87.991,22.087],[87.982,22.099],[87.97,22.094],[87.96,22.096],[87.963,22.103],[87.985,22.105],[87.992,22.103],[87.998,22.09],[88.009,22.084],[88.028,22.068],[88.034,22.061],[88.027,22.048],[88.038,22.035],[88.062,22.013],[88.083,22.021],[88.113,22.042],[88.126,22.049],[88.149,22.06],[88.167,22.074],[88.178,22.085],[88.189,22.099],[88.194,22.111],[88.191,22.116],[88.174,22.134],[88.167,22.144],[88.16,22.151],[88.146,22.168],[88.142,22.178],[88.136,22.185],[88.117,22.188],[88.106,22.192],[88.093,22.19],[88.086,22.187],[88.073,22.187],[88.066,22.19],[88.05,22.205],[88.035,22.209],[88.03,22.208],[88.027,22.202],[88.022,22.2],[88.009,22.201],[88.001,22.206],[87.99,22.209],[87.975,22.222],[87.972,22.237],[87.959,22.244],[87.941,22.259],[87.937,22.267],[87.936,22.285],[87.936,22.299],[87.933,22.314],[87.944,22.325],[87.947,22.333],[87.947,22.34],[87.941,22.359],[87.943,22.364],[87.93,22.404],[87.913,22.422],[87.9,22.421],[87.894,22.424],[87.881,22.438],[87.883,22.441],[87.894,22.435],[87.921,22.436],[87.927,22.429],[87.927,22.42],[87.942,22.407],[87.949,22.399],[87.949,22.389],[87.956,22.37],[87.958,22.349],[87.957,22.317],[87.961,22.305],[87.959,22.285],[87.96,22.28],[87.978,22.255],[87.984,22.246],[87.994,22.239],[88.026,22.222],[88.049,22.22],[88.065,22.236],[88.075,22.253],[88.076,22.272],[88.079,22.284],[88.089,22.302],[88.105,22.304],[88.105,22.296],[88.1,22.282],[88.092,22.27],[88.089,22.263],[88.088,22.247],[88.083,22.231],[88.07,22.216],[88.073,22.21],[88.088,22.208],[88.095,22.209],[88.117,22.209],[88.129,22.203],[88.143,22.202],[88.152,22.199],[88.164,22.198],[88.176,22.194],[88.188,22.187],[88.203,22.167],[88.211,22.149],[88.211,22.132],[88.216,22.119],[88.217,22.113],[88.221,22.105],[88.224,22.09],[88.224,22.077],[88.222,22.068],[88.217,22.054],[88.214,22.035],[88.208,22.023],[88.196,22.004],[88.182,21.987],[88.17,21.974],[88.163,21.97],[88.154,21.96],[88.161,21.945],[88.174,21.934],[88.177,21.926],[88.176,21.92],[88.17,21.9],[88.165,21.891],[88.164,21.879],[88.166,21.878],[88.169,21.867],[88.179,21.848],[88.19,21.836],[88.201,21.819],[88.205,21.809],[88.209,21.801],[88.213,21.789],[88.218,21.777],[88.217,21.764],[88.23,21.763],[88.236,21.76],[88.255,21.758],[88.269,21.757],[88.273,21.755],[88.274,21.752],[88.271,21.743],[88.263,21.732],[88.272,21.731],[88.273,21.738],[88.282,21.755],[88.282,21.762],[88.279,21.77],[88.273,21.775],[88.265,21.786],[88.258,21.801],[88.26,21.81],[88.269,21.818],[88.287,21.825],[88.297,21.826],[88.306,21.831],[88.314,21.845],[88.311,21.855],[88.316,21.86],[88.326,21.862],[88.339,21.861],[88.345,21.857],[88.355,21.856],[88.356,21.841],[88.354,21.829],[88.356,21.82],[88.364,21.809],[88.364,21.798],[88.374,21.796],[88.382,21.792],[88.387,21.795],[88.392,21.803],[88.392,21.813],[88.386,21.829],[88.386,21.839],[88.394,21.852],[88.395,21.877],[88.397,21.886],[88.402,21.885],[88.412,21.887],[88.416,21.895],[88.416,21.901],[88.424,21.908],[88.432,21.903],[88.442,21.911],[88.462,21.918],[88.456,21.905],[88.458,21.898],[88.474,21.895],[88.477,21.904],[88.483,21.91],[88.502,21.915],[88.521,21.912],[88.509,21.905],[88.505,21.897],[88.495,21.885],[88.495,21.879],[88.499,21.874],[88.528,21.853],[88.537,21.857],[88.539,21.87],[88.548,21.882],[88.548,21.89],[88.54,21.899],[88.541,21.904],[88.545,21.906],[88.561,21.899],[88.571,21.905],[88.578,21.889],[88.602,21.907],[88.611,21.921],[88.609,21.932],[88.615,21.938],[88.608,21.946],[88.6,21.962],[88.598,21.968],[88.6,21.983],[88.607,22.002],[88.614,22.013],[88.614,22.02],[88.635,22.043],[88.636,22.046],[88.63,22.051],[88.627,22.057],[88.627,22.069],[88.619,22.105],[88.623,22.123],[88.626,22.13],[88.64,22.143],[88.638,22.155],[88.643,22.164],[88.655,22.177],[88.664,22.185],[88.671,22.197],[88.673,22.205],[88.662,22.209],[88.642,22.207],[88.634,22.212],[88.631,22.223],[88.634,22.228],[88.643,22.234],[88.657,22.25],[88.658,22.259],[88.665,22.273],[88.677,22.289],[88.678,22.293],[88.677,22.311],[88.673,22.326],[88.681,22.329],[88.679,22.32],[88.685,22.295],[88.681,22.285],[88.668,22.267],[88.661,22.25],[88.658,22.239],[88.651,22.233],[88.642,22.229],[88.637,22.224],[88.635,22.216],[88.639,22.213],[88.653,22.211],[88.657,22.217],[88.671,22.216],[88.681,22.21],[88.699,22.21],[88.708,22.207],[88.715,22.201],[88.734,22.196],[88.745,22.21],[88.75,22.22],[88.744,22.229],[88.755,22.236],[88.76,22.242],[88.769,22.244],[88.772,22.251],[88.786,22.259],[88.791,22.26],[88.793,22.27],[88.793,22.276],[88.799,22.278],[88.805,22.284],[88.803,22.295],[88.806,22.308],[88.81,22.314],[88.81,22.32],[88.803,22.329],[88.81,22.342],[88.816,22.358],[88.81793421052632,22.35882894736842],[88.808,22.333],[88.804,22.33],[88.811,22.321],[88.812,22.314],[88.808,22.307],[88.805,22.296],[88.807,22.286],[88.816,22.282],[88.817,22.272],[88.827,22.265],[88.83,22.254],[88.826,22.239],[88.818,22.231],[88.811,22.227],[88.805,22.221],[88.807,22.209],[88.815,22.207],[88.818,22.203],[88.821,22.196],[88.826,22.199],[88.825,22.204],[88.828,22.21],[88.831,22.21],[88.837,22.207],[88.839,22.198],[88.843,22.191],[88.849,22.194],[88.85,22.202],[88.855,22.206],[88.86,22.205],[88.867,22.196],[88.866,22.189],[88.872,22.171],[88.885,22.168],[88.892,22.176],[88.902,22.177],[88.909,22.169],[88.918,22.165],[88.921,22.175],[88.919,22.178],[88.906,22.192],[88.906,22.201],[88.913,22.209],[88.917,22.225],[88.921,22.233],[88.926,22.229],[88.943,22.225],[88.954,22.226],[88.951,22.243],[88.939,22.248],[88.933,22.254],[88.93,22.264],[88.936,22.285],[88.937,22.297],[88.934,22.303],[88.928,22.303],[88.912,22.312],[88.905,22.318],[88.9,22.332],[88.892,22.343],[88.883,22.35],[88.869,22.358],[88.863,22.358],[88.853,22.383],[88.846,22.388],[88.853,22.395],[88.856,22.408],[88.848,22.431],[88.837,22.432],[88.832,22.43],[88.819,22.43],[88.815,22.432],[88.803,22.443],[88.8,22.459],[88.792,22.475],[88.79,22.481],[88.78,22.493],[88.78,22.503],[88.771,22.511],[88.763,22.512],[88.755,22.515],[88.745,22.515],[88.733,22.51],[88.725,22.517],[88.718,22.519],[88.71254545454546,22.525363636363632],[88.718,22.521],[88.726,22.519],[88.734,22.511],[88.742,22.515],[88.753,22.517],[88.762,22.514],[88.772,22.513],[88.784,22.503],[88.796,22.497],[88.8,22.489],[88.811,22.482],[88.814,22.472],[88.814,22.456],[88.83,22.447],[88.827,22.436],[88.835,22.437],[88.852,22.433],[88.859,22.448],[88.852,22.456],[88.858,22.484],[88.865,22.486],[88.859,22.499],[88.844,22.502],[88.843,22.507],[88.845,22.51],[88.856,22.512],[88.86,22.52],[88.867,22.523],[88.866,22.53],[88.869,22.546],[88.878,22.545],[88.896,22.563],[88.938,22.571],[88.936,22.58],[88.937,22.594],[88.949,22.605],[88.957,22.61],[88.956,22.618],[88.939,22.616],[88.931,22.622],[88.93,22.641],[88.917,22.665],[88.908,22.677],[88.902,22.677],[88.892,22.67],[88.881,22.665],[88.866,22.663],[88.861,22.666],[88.857,22.68],[88.861,22.692],[88.849,22.69],[88.846,22.694],[88.862,22.696],[88.864,22.692],[88.862,22.685],[88.864,22.667],[88.874,22.666],[88.886,22.67],[88.898,22.678],[88.91,22.677],[88.92,22.667],[88.928,22.653],[88.933,22.647],[88.939,22.651],[88.947,22.66],[88.949,22.67],[88.959,22.691],[88.949,22.698],[88.939,22.709],[88.931,22.725],[88.921,22.734],[88.921,22.747],[88.919,22.753],[88.921,22.765],[88.93,22.774],[88.933,22.781],[88.939,22.787],[88.958,22.794],[88.959,22.806],[88.966,22.829],[88.968,22.842],[88.963,22.85],[88.956,22.857],[88.946,22.877],[88.938,22.869],[88.933,22.868],[88.915,22.874],[88.909,22.877],[88.907,22.889],[88.903,22.897],[88.904,22.905],[88.913,22.914],[88.914,22.919],[88.897,22.927],[88.897,22.949],[88.892,22.952],[88.875,22.95],[88.861,22.955],[88.862,22.96],[88.869,22.969],[88.868,22.99],[88.858,22.998],[88.849,23.001],[88.853,23.007],[88.87,23.002],[88.874,23.01],[88.872,23.018],[88.878,23.029],[88.879,23.039],[88.875,23.046],[88.873,23.06],[88.866,23.069],[88.866,23.079],[88.871,23.085],[88.87,23.096],[88.882,23.099],[88.886,23.106],[88.891,23.103],[88.897,23.106],[88.908,23.122],[88.921,23.127],[88.923,23.139],[88.931,23.139],[88.931,23.152],[88.938,23.169],[88.955,23.177],[88.962,23.19],[88.969,23.192],[88.982,23.182],[88.982,23.19],[88.99,23.198],[88.988,23.207],[88.994,23.209],[88.99,23.217],[88.98,23.222],[88.968,23.212],[88.957,23.207],[88.952,23.203],[88.94,23.205],[88.93,23.212],[88.924,23.212],[88.919,23.208],[88.914,23.211],[88.919,23.221],[88.919,23.226],[88.913,23.23],[88.901,23.227],[88.881,23.226],[88.867,23.23],[88.853,23.225],[88.842,23.231],[88.84,23.235],[88.834,23.237],[88.83,23.234],[88.824,23.237],[88.831,23.245],[88.821,23.246],[88.818,23.251],[88.809,23.25],[88.808,23.238],[88.81,23.228],[88.815,23.223],[88.814,23.217],[88.8,23.215],[88.785,23.218],[88.778,23.223],[88.777,23.233],[88.77,23.239],[88.764,23.239],[88.757,23.235],[88.747,23.237],[88.732,23.247],[88.72,23.253],[88.72,23.261],[88.724,23.27],[88.716,23.274],[88.708,23.288],[88.699,23.29],[88.697,23.293],[88.7,23.301],[88.71,23.309],[88.714,23.301],[88.725,23.301],[88.728,23.309],[88.744,23.307],[88.747,23.318],[88.737,23.328],[88.738,23.339],[88.734,23.341],[88.736,23.349],[88.747,23.351],[88.75,23.358],[88.758,23.358],[88.762,23.362],[88.763,23.368],[88.759,23.379],[88.753,23.387],[88.753,23.398],[88.758,23.402],[88.76,23.41],[88.757,23.419],[88.76,23.424],[88.764,23.442],[88.77,23.444],[88.775,23.438],[88.781,23.436],[88.79,23.441],[88.788,23.465],[88.791,23.471],[88.798,23.475],[88.8,23.481],[88.795,23.485],[88.799,23.489],[88.796,23.496],[88.787,23.496],[88.779,23.498],[88.771,23.493],[88.77,23.48],[88.763,23.485],[88.757,23.485],[88.755,23.478],[88.743,23.481],[88.74,23.491],[88.731,23.497],[88.727,23.508],[88.719,23.507],[88.709,23.514],[88.695,23.517],[88.692,23.526],[88.687,23.529],[88.684,23.539],[88.674,23.546],[88.662,23.55],[88.655,23.558],[88.652,23.566],[88.648,23.584],[88.642,23.588],[88.639,23.597],[88.645,23.602],[88.644,23.608],[88.607,23.601],[88.599,23.604],[88.587,23.6],[88.581,23.601],[88.582,23.607],[88.59,23.615],[88.593,23.626],[88.593,23.635],[88.59,23.638],[88.578,23.636],[88.562,23.64],[88.562,23.646],[88.568,23.658],[88.569,23.666],[88.574,23.67],[88.564,23.715],[88.571,23.725],[88.575,23.736],[88.574,23.749],[88.579,23.757],[88.579,23.765],[88.573,23.773],[88.56,23.781],[88.564,23.787],[88.575,23.787],[88.581,23.789],[88.582,23.796],[88.592,23.8],[88.587,23.812],[88.602,23.817],[88.599,23.822],[88.591,23.826],[88.588,23.834],[88.588,23.845],[88.586,23.851],[88.576,23.854],[88.576,23.86],[88.585,23.868],[88.592,23.87],[88.6,23.865],[88.607,23.867],[88.611,23.874],[88.622,23.874],[88.626,23.864],[88.633,23.861],[88.646,23.868],[88.659,23.868],[88.665,23.872],[88.667,23.884],[88.685,23.889],[88.692,23.9],[88.704,23.899],[88.704,23.906],[88.701,23.91],[88.704,23.914],[88.721,23.916],[88.733,23.914],[88.733,23.93],[88.742,23.934],[88.74,23.945],[88.74,23.953],[88.734,23.959],[88.735,23.977],[88.741,23.985],[88.755,23.986],[88.769,23.982],[88.771,23.988],[88.766,23.994],[88.762,24.005],[88.759,24.008],[88.745,24.003],[88.73,23.995],[88.729,24.005],[88.738,24.014],[88.739,24.035],[88.735,24.047],[88.727,24.049],[88.723,24.052],[88.737,24.056],[88.731,24.062],[88.722,24.066],[88.724,24.077],[88.726,24.096],[88.722,24.1],[88.71,24.098],[88.705,24.094],[88.698,24.097],[88.698,24.108],[88.695,24.113],[88.698,24.118],[88.71,24.119],[88.708,24.125],[88.708,24.139],[88.705,24.147],[88.699,24.154],[88.7,24.166],[88.704,24.167],[88.711,24.177],[88.72,24.198],[88.732,24.197],[88.733,24.215],[88.734,24.224],[88.733,24.233],[88.735,24.242],[88.737,24.268],[88.731,24.283],[88.723,24.297],[88.703,24.311],[88.673,24.315],[88.659,24.314],[88.65,24.311],[88.629,24.307],[88.626,24.315],[88.608,24.317],[88.604,24.311],[88.589,24.315],[88.587,24.325],[88.573,24.327],[88.568,24.327],[88.556,24.296],[88.548,24.308],[88.531,24.342],[88.527,24.344],[88.514,24.343],[88.507,24.345],[88.498,24.353],[88.477,24.36],[88.459,24.371],[88.438,24.381],[88.424,24.382],[88.414,24.377],[88.392,24.372],[88.385,24.373],[88.367,24.373],[88.348,24.376],[88.328,24.387],[88.312,24.402],[88.299,24.411],[88.286,24.424],[88.28,24.435],[88.265,24.445],[88.237,24.452],[88.217,24.454],[88.205,24.458],[88.194,24.466],[88.19,24.476],[88.176,24.49],[88.16,24.501],[88.148,24.506],[88.123,24.532],[88.107,24.545],[88.092,24.565],[88.089,24.573],[88.07,24.605],[88.056,24.62],[88.046,24.637],[88.032,24.647],[88.013,24.663],[88.013,24.671],[88.038,24.698],[88.06,24.715],[88.065,24.721],[88.074,24.741],[88.067,24.75],[88.075,24.759],[88.07,24.764],[88.071,24.769],[88.084,24.773],[88.09,24.783],[88.106,24.779],[88.107,24.782],[88.106,24.8],[88.112,24.813],[88.124,24.821],[88.131,24.806],[88.137,24.806],[88.135,24.82],[88.135,24.832],[88.14,24.834],[88.141,24.84],[88.15,24.851],[88.154,24.849],[88.164,24.85],[88.167,24.863],[88.162,24.868],[88.163,24.879],[88.155,24.884],[88.16,24.891],[88.166,24.888],[88.171,24.89],[88.162,24.898],[88.157,24.898],[88.152,24.908],[88.141,24.917],[88.139,24.932],[88.143,24.937],[88.152,24.932],[88.158,24.935],[88.168,24.947],[88.18,24.954],[88.193,24.953],[88.207,24.959],[88.223,24.96],[88.231,24.958],[88.238,24.944],[88.255,24.93],[88.264,24.918],[88.267,24.902],[88.267,24.893],[88.262,24.878],[88.269,24.877],[88.271,24.889],[88.277,24.896],[88.279,24.887],[88.288,24.886],[88.298,24.888],[88.304,24.87],[88.315,24.881],[88.322,24.882],[88.323,24.875],[88.328,24.87],[88.334,24.871],[88.344,24.882],[88.348,24.892],[88.346,24.898],[88.336,24.898],[88.33,24.904],[88.326,24.915],[88.337,24.919],[88.342,24.939],[88.349,24.943],[88.357,24.944],[88.361,24.949],[88.368,24.944],[88.377,24.943],[88.382,24.939],[88.395,24.941],[88.401,24.946],[88.399,24.957],[88.394,24.962],[88.397,24.969],[88.408,24.976],[88.417,24.974],[88.418,24.983],[88.412,24.988],[88.415,24.997],[88.42,24.999],[88.424,25.007],[88.434,25.006],[88.438,25.009],[88.441,25.021],[88.447,25.033],[88.454,25.036],[88.453,25.041],[88.442,25.042],[88.437,25.047],[88.438,25.056],[88.444,25.061],[88.445,25.068],[88.453,25.079],[88.449,25.082],[88.445,25.101],[88.448,25.11],[88.444,25.116],[88.443,25.126],[88.459,25.135],[88.462,25.14],[88.463,25.151],[88.458,25.165],[88.454,25.166],[88.447,25.18],[88.444,25.195],[88.451,25.197],[88.465,25.196],[88.472,25.198],[88.472,25.204],[88.478,25.213],[88.492,25.211],[88.5,25.212],[88.503,25.205],[88.513,25.205],[88.522,25.203],[88.537,25.201],[88.533,25.194],[88.539,25.191],[88.545,25.196],[88.553,25.196],[88.561,25.191],[88.559,25.179],[88.563,25.178],[88.576,25.179],[88.591,25.186],[88.591,25.194],[88.606,25.197],[88.614,25.205],[88.621,25.207],[88.633,25.205],[88.641,25.208],[88.67,25.201],[88.676,25.203],[88.685,25.211],[88.699,25.209],[88.709,25.21],[88.735,25.197],[88.735,25.188],[88.747,25.185],[88.754,25.178],[88.759,25.186],[88.766,25.186],[88.774,25.19],[88.778,25.18],[88.804,25.172],[88.815,25.176],[88.817,25.187],[88.828,25.194],[88.832,25.206],[88.842,25.211],[88.848,25.21],[88.853,25.201],[88.866,25.201],[88.867,25.191],[88.875,25.189],[88.876,25.182],[88.891,25.181],[88.898,25.185],[88.913,25.18],[88.913,25.172],[88.923,25.167],[88.927,25.18],[88.933,25.187],[88.947,25.184],[88.946,25.201],[88.938,25.2],[88.935,25.206],[88.935,25.218],[88.951,25.214],[88.959,25.22],[88.956,25.23],[88.951,25.241],[88.953,25.252],[88.958,25.261],[88.973,25.267],[88.983,25.278],[88.988,25.279],[88.994,25.276],[89.007,25.28],[89.011,25.292],[89.008,25.297],[88.989,25.296],[88.987,25.304],[88.981,25.305],[88.976,25.302],[88.968,25.307],[88.956,25.308],[88.948,25.302],[88.942,25.304],[88.939,25.31],[88.926,25.304],[88.919,25.309],[88.91,25.324],[88.909,25.331],[88.905,25.336],[88.893,25.334],[88.886,25.324],[88.871,25.341],[88.872,25.348],[88.859,25.354],[88.855,25.36],[88.844,25.362],[88.842,25.372],[88.843,25.379],[88.84,25.385],[88.845,25.392],[88.839,25.398],[88.827,25.399],[88.82,25.412],[88.828,25.411],[88.833,25.415],[88.837,25.425],[88.834,25.433],[88.829,25.441],[88.832,25.447],[88.842,25.453],[88.837,25.462],[88.839,25.467],[88.832,25.485],[88.828,25.488],[88.819,25.486],[88.815,25.487],[88.812,25.495],[88.811,25.517],[88.807,25.521],[88.798,25.522],[88.786,25.513],[88.773,25.516],[88.766,25.522],[88.762,25.513],[88.764,25.507],[88.772,25.5],[88.767,25.491],[88.76,25.49],[88.745,25.495],[88.741,25.501],[88.726,25.501],[88.717,25.495],[88.71,25.496],[88.71,25.479],[88.7,25.47],[88.683,25.472],[88.677,25.47],[88.665,25.471],[88.66,25.48],[88.65,25.477],[88.646,25.48],[88.644,25.497],[88.625,25.495],[88.614,25.506],[88.609,25.513],[88.603,25.512],[88.598,25.504],[88.592,25.506],[88.578,25.505],[88.57,25.51],[88.563,25.511],[88.551,25.516],[88.548,25.508],[88.542,25.508],[88.54,25.519],[88.541,25.531],[88.534,25.531],[88.534,25.54],[88.53,25.541],[88.526,25.533],[88.521,25.535],[88.522,25.541],[88.515,25.544],[88.51,25.542],[88.503,25.548],[88.496,25.56],[88.501,25.578],[88.498,25.582],[88.473,25.581],[88.47,25.586],[88.458,25.596],[88.451,25.595],[88.448,25.613],[88.452,25.623],[88.458,25.625],[88.458,25.646],[88.457,25.66],[88.452,25.664],[88.429,25.665],[88.407,25.669],[88.408,25.678],[88.404,25.683],[88.394,25.683],[88.392,25.691],[88.375,25.695],[88.374,25.703],[88.379,25.712],[88.361,25.718],[88.361,25.724],[88.347,25.728],[88.34,25.734],[88.326,25.735],[88.319,25.744],[88.319,25.751],[88.304,25.758],[88.293,25.766],[88.29,25.773],[88.281,25.773],[88.272,25.78],[88.275,25.787],[88.276,25.797],[88.27,25.808],[88.263,25.812],[88.254,25.811],[88.246,25.804],[88.239,25.807],[88.234,25.795],[88.226,25.794],[88.22,25.798],[88.215,25.794],[88.215,25.789],[88.209,25.785],[88.202,25.788],[88.195,25.799],[88.186,25.799],[88.175,25.784],[88.165,25.787],[88.158,25.776],[88.152,25.774],[88.144,25.779],[88.146,25.788],[88.142,25.794],[88.135,25.796],[88.127,25.794],[88.119,25.795],[88.117,25.799],[88.12,25.81],[88.111,25.813],[88.111,25.819],[88.106,25.824],[88.11,25.831],[88.111,25.838],[88.103,25.84],[88.114,25.848],[88.111,25.857],[88.107,25.88],[88.1,25.892],[88.099,25.899],[88.091,25.902],[88.091,25.908],[88.087,25.913],[88.094,25.93],[88.1,25.934],[88.112,25.933],[88.117,25.946],[88.12,25.949],[88.12,25.96],[88.129,25.967],[88.125,25.974],[88.131,25.98],[88.131,25.988],[88.141,25.994],[88.147,26.001],[88.144,26.012],[88.158,26.019],[88.171,26.02],[88.177,26.019],[88.186,26.023],[88.184,26.03],[88.176,26.03],[88.178,26.037],[88.173,26.044],[88.175,26.048],[88.182,26.049],[88.184,26.057],[88.188,26.063],[88.185,26.071],[88.175,26.076],[88.161,26.092],[88.166,26.1],[88.167,26.105],[88.176,26.109],[88.176,26.117],[88.181,26.124],[88.176,26.126],[88.181,26.136],[88.18,26.146],[88.186,26.151],[88.195,26.154],[88.199,26.161],[88.206,26.158],[88.217,26.161],[88.22,26.165],[88.234,26.171],[88.235,26.179],[88.241,26.184],[88.251,26.189],[88.26,26.186],[88.276,26.187],[88.285,26.197],[88.303,26.2],[88.312,26.203],[88.32,26.201],[88.333,26.214],[88.353,26.22],[88.353,26.228],[88.359,26.232],[88.359,26.244],[88.351,26.249],[88.35,26.253],[88.354,26.265],[88.35,26.267],[88.352,26.282],[88.364,26.292],[88.366,26.299],[88.371,26.302],[88.386,26.308],[88.386,26.312],[88.395,26.313],[88.403,26.317],[88.414,26.315],[88.417,26.317],[88.406,26.329],[88.415,26.337],[88.432,26.335],[88.438,26.337],[88.444,26.356],[88.448,26.363],[88.458,26.374],[88.461,26.362],[88.466,26.358],[88.478,26.357],[88.487,26.349],[88.492,26.351],[88.49,26.358],[88.509,26.359],[88.504,26.35],[88.52,26.352],[88.525,26.36],[88.522,26.363],[88.525,26.373],[88.518,26.371],[88.515,26.375],[88.518,26.385],[88.507,26.399],[88.501,26.413],[88.494,26.416],[88.498,26.425],[88.498,26.434],[88.488,26.445],[88.488,26.45],[88.48,26.453],[88.484,26.46],[88.457,26.466],[88.438,26.466],[88.434,26.471],[88.425,26.472],[88.422,26.465],[88.414,26.472],[88.403,26.485],[88.399,26.481],[88.39,26.479],[88.379,26.483],[88.375,26.487],[88.363,26.484],[88.366,26.471],[88.363,26.465],[88.362,26.455],[88.356,26.446],[88.349,26.461],[88.349,26.466],[88.342,26.469],[88.342,26.476],[88.334,26.479],[88.332,26.487],[88.335,26.494],[88.345,26.505],[88.353,26.512],[88.353,26.525],[88.358,26.529],[88.358,26.54],[88.362,26.55],[88.371,26.557],[88.373,26.565],[88.37,26.573],[88.374,26.579],[88.378,26.594],[88.385,26.597],[88.39,26.608],[88.39,26.613],[88.396,26.616],[88.401,26.627],[88.411,26.634],[88.417,26.631],[88.419,26.611],[88.421,26.6],[88.422,26.591],[88.424,26.583],[88.423,26.571],[88.432,26.551],[88.438,26.545],[88.444,26.544],[88.45,26.536],[88.462,26.547],[88.466,26.544],[88.48,26.545],[88.486,26.541],[88.484,26.531],[88.49,26.529],[88.492,26.517],[88.498,26.512],[88.508,26.514],[88.514,26.508],[88.525,26.506],[88.522,26.499],[88.525,26.494],[88.527,26.482],[88.537,26.481],[88.549,26.483],[88.561,26.489],[88.555,26.474],[88.563,26.473],[88.557,26.457],[88.574,26.457],[88.584,26.454],[88.589,26.449],[88.597,26.449],[88.594,26.462],[88.595,26.472],[88.612,26.47],[88.621,26.471],[88.625,26.464],[88.628,26.447],[88.624,26.437],[88.633,26.431],[88.65,26.427],[88.653,26.416],[88.659,26.417],[88.664,26.41],[88.671,26.407],[88.687,26.411],[88.688,26.401],[88.679,26.403],[88.672,26.399],[88.678,26.394],[88.686,26.392],[88.689,26.387],[88.7,26.39],[88.7,26.385],[88.685,26.383],[88.689,26.368],[88.694,26.36],[88.698,26.356],[88.697,26.344],[88.704,26.341],[88.711,26.334],[88.714,26.345],[88.728,26.346],[88.735,26.35],[88.735,26.355],[88.749,26.353],[88.753,26.345],[88.755,26.338],[88.762,26.334],[88.757,26.32],[88.757,26.311],[88.762,26.301],[88.776,26.306],[88.785,26.307],[88.796,26.313],[88.804,26.312],[88.822,26.301],[88.818,26.294],[88.816,26.28],[88.82,26.276],[88.819,26.26],[88.831,26.256],[88.836,26.252],[88.835,26.244],[88.845,26.24],[88.847,26.234],[88.853,26.236],[88.871,26.235],[88.884,26.237],[88.885,26.244],[88.878,26.248],[88.868,26.258],[88.868,26.277],[88.881,26.29],[88.897,26.292],[88.924,26.292],[88.935,26.288],[88.942,26.272],[88.949,26.265],[88.95,26.26],[88.962,26.245],[88.974,26.242],[88.986,26.247],[89.0,26.249],[89.025,26.246],[89.039,26.25],[89.043,26.245],[89.057,26.245],[89.057,26.253],[89.061,26.258],[89.069,26.259],[89.067,26.274],[89.069,26.284],[89.067,26.293],[89.053,26.297],[89.051,26.287],[89.044,26.285],[89.033,26.286],[89.028,26.29],[89.029,26.299],[89.033,26.306],[89.027,26.31],[89.023,26.303],[89.025,26.297],[89.021,26.293],[89.016,26.304],[89.011,26.304],[89.009,26.296],[89.002,26.294],[89.003,26.302],[88.992,26.305],[88.991,26.312],[88.992,26.32],[89.008,26.329],[89.007,26.333],[88.998,26.337],[88.994,26.336],[88.989,26.344],[88.995,26.345],[88.991,26.352],[88.986,26.35],[88.982,26.354],[88.968,26.352],[88.969,26.342],[88.964,26.333],[88.959,26.338],[88.959,26.345],[88.954,26.349],[88.956,26.356],[88.965,26.364],[88.957,26.368],[88.955,26.36],[88.945,26.36],[88.929,26.364],[88.927,26.368],[88.92,26.37],[88.918,26.375],[88.926,26.379],[88.917,26.385],[88.925,26.39],[88.925,26.404],[88.918,26.405],[88.911,26.41],[88.92,26.412],[88.931,26.41],[88.937,26.419],[88.932,26.423],[88.932,26.429],[88.936,26.436],[88.942,26.436],[88.951,26.429],[88.953,26.437],[88.958,26.44],[88.957,26.447],[88.953,26.451],[88.965,26.461],[88.97,26.463],[88.976,26.456],[88.99,26.45],[88.991,26.444],[88.986,26.44],[88.989,26.43],[89.0,26.42],[89.003,26.426],[89.011,26.425],[89.013,26.417],[89.029,26.416],[89.03,26.411],[89.037,26.409],[89.046,26.398],[89.05,26.403],[89.064,26.398],[89.073,26.4],[89.091,26.392],[89.1,26.385],[89.097,26.379],[89.095,26.369],[89.087,26.368],[89.104,26.36],[89.103,26.354],[89.107,26.349],[89.107,26.339],[89.104,26.333],[89.109,26.325],[89.114,26.327],[89.124,26.319],[89.135,26.324],[89.139,26.313],[89.143,26.31],[89.139,26.304],[89.141,26.3],[89.133,26.296],[89.131,26.288],[89.125,26.293],[89.121,26.306],[89.111,26.315],[89.109,26.307],[89.115,26.303],[89.111,26.289],[89.116,26.275],[89.126,26.271],[89.132,26.264],[89.128,26.254],[89.138,26.247],[89.141,26.239],[89.147,26.235],[89.147,26.217],[89.155,26.209],[89.146,26.2],[89.141,26.18],[89.148,26.169],[89.157,26.168],[89.162,26.161],[89.155,26.159],[89.16,26.142],[89.173,26.129],[89.182,26.13],[89.192,26.127],[89.198,26.122],[89.211,26.127],[89.217,26.123],[89.23,26.123],[89.237,26.113],[89.244,26.111],[89.246,26.106],[89.254,26.102],[89.257,26.092],[89.271,26.093],[89.271,26.087],[89.263,26.079],[89.262,26.064],[89.277,26.061],[89.285,26.066],[89.288,26.058],[89.283,26.05],[89.292,26.049],[89.299,26.046],[89.305,26.049],[89.318,26.041],[89.328,26.037],[89.335,26.028],[89.34,26.027],[89.343,26.02],[89.351,26.012],[89.363,26.008],[89.372,26.009],[89.392,26.01],[89.398,26.007],[89.401,26.012],[89.397,26.02],[89.412,26.03],[89.414,26.039],[89.427,26.042],[89.435,26.042],[89.44,26.032],[89.433,26.016],[89.439,26.009],[89.453,26.006],[89.458,26.002],[89.467,25.998],[89.478,25.997],[89.489,26.0],[89.494,26.006],[89.508,26.0],[89.521,26.008],[89.533,26.003],[89.542,26.005],[89.551,25.997],[89.545,25.994],[89.54,25.985],[89.545,25.981],[89.544,25.971],[89.558,25.965],[89.568,25.972],[89.58,25.968],[89.581,25.978],[89.591,25.976],[89.588,25.989],[89.592,25.994],[89.584,26.003],[89.584,26.012],[89.581,26.022],[89.589,26.024],[89.585,26.031],[89.59,26.036],[89.594,26.035],[89.602,26.038],[89.595,26.043],[89.604,26.045],[89.616,26.051],[89.616,26.06],[89.626,26.054],[89.631,26.062],[89.638,26.06],[89.651,26.062],[89.65,26.069],[89.64,26.075],[89.636,26.081],[89.643,26.09],[89.636,26.095],[89.64,26.099],[89.633,26.107],[89.626,26.101],[89.62,26.103],[89.615,26.096],[89.608,26.093],[89.598,26.098],[89.599,26.107],[89.62,26.107],[89.632,26.115],[89.631,26.126],[89.627,26.126],[89.623,26.119],[89.613,26.125],[89.608,26.117],[89.605,26.127],[89.599,26.139],[89.602,26.16],[89.61,26.152],[89.612,26.158],[89.617,26.164],[89.614,26.173],[89.618,26.177],[89.624,26.178],[89.627,26.171],[89.633,26.178],[89.639,26.176],[89.643,26.165],[89.66,26.173],[89.656,26.18],[89.644,26.182],[89.641,26.179],[89.632,26.183],[89.63,26.186],[89.634,26.195],[89.639,26.193],[89.641,26.186],[89.647,26.184],[89.653,26.19],[89.644,26.197],[89.641,26.208],[89.637,26.21],[89.638,26.228],[89.642,26.228],[89.651,26.221],[89.661,26.218],[89.674,26.219],[89.674,26.227],[89.68,26.235],[89.683,26.228],[89.692,26.221],[89.681,26.218],[89.689,26.206],[89.68,26.208],[89.676,26.201],[89.681,26.197],[89.687,26.198],[89.685,26.189],[89.696,26.175],[89.696,26.168],[89.688,26.168],[89.683,26.163],[89.69,26.158],[89.699,26.159],[89.705,26.153],[89.713,26.154],[89.714,26.165],[89.719,26.166],[89.724,26.16],[89.723,26.155],[89.739,26.158],[89.748,26.158],[89.755,26.149],[89.757,26.14],[89.769,26.132],[89.771,26.124],[89.761,26.112],[89.761,26.107],[89.769,26.108],[89.777,26.103],[89.784,26.106],[89.79,26.1],[89.786,26.088],[89.788,26.081],[89.795,26.087],[89.799,26.084],[89.796,26.074],[89.802,26.068],[89.803,26.058],[89.791,26.056],[89.789,26.052],[89.792,26.046],[89.783,26.043],[89.793,26.035],[89.798,26.04],[89.805,26.038],[89.801,26.029],[89.796,26.026],[89.799,26.018],[89.806,26.028],[89.811,26.043],[89.815,26.041],[89.819,26.029],[89.823,26.024],[89.82,26.018],[89.826,26.009],[89.823,25.996],[89.818,25.992],[89.826,25.982],[89.838,25.979],[89.839,25.985],[89.834,25.997],[89.84,26.01],[89.847,26.005],[89.853,25.988],[89.874,25.978],[89.874,25.971],[89.859,25.966],[89.851,25.968],[89.841,25.964],[89.85,25.955],[89.849,25.946],[89.839,25.951],[89.83,25.949],[89.832,25.941],[89.841,25.942],[89.847,25.936],[89.854,25.94],[89.886,25.944],[89.89,25.94],[89.886,25.934],[89.881,25.919],[89.87,25.909],[89.861,25.897],[89.852,25.889],[89.844,25.875],[89.837,25.866],[89.84,25.856],[89.831,25.853],[89.831,25.838],[89.826,25.829],[89.815,25.817],[89.817,25.813],[89.829,25.809],[89.834,25.794],[89.844,25.768],[89.845,25.757],[89.838,25.743],[89.83,25.735],[89.832,25.725],[89.838,25.712],[89.855,25.709],[89.856,25.703],[89.852,25.694],[89.854,25.684],[89.862,25.675],[89.868,25.661],[89.874,25.658],[89.885,25.63],[89.887,25.621],[89.886,25.608],[89.878,25.585],[89.88,25.578],[89.877,25.566],[89.872,25.56],[89.87,25.544],[89.875,25.542],[89.871,25.537],[89.865,25.54],[89.858,25.535],[89.863,25.517],[89.863,25.505],[89.858,25.5],[89.86,25.491],[89.855,25.488],[89.855,25.476],[89.857,25.466],[89.855,25.46],[89.848,25.452],[89.84,25.439],[89.834,25.424],[89.833,25.415],[89.829,25.413],[89.831,25.404],[89.828,25.395],[89.822,25.385],[89.824,25.366],[89.822,25.359],[89.826,25.349],[89.833,25.341],[89.837,25.334],[89.835,25.323],[89.838,25.317],[89.846,25.314],[89.847,25.31],[89.841,25.305],[89.834,25.296],[89.861,25.288],[89.881,25.287],[89.89,25.29],[89.906,25.307],[89.915,25.308],[89.937,25.301],[89.949,25.304],[89.949,25.298],[89.967,25.303],[89.975,25.301],[89.983,25.292],[89.986,25.282],[89.999,25.279],[90.006,25.283],[90.021,25.275],[90.034,25.267],[90.057,25.264],[90.081,25.245],[90.099,25.239],[90.109,25.23],[90.12,25.226],[90.129,25.226],[90.175,25.224],[90.183,25.221],[90.198,25.213],[90.225,25.208],[90.229,25.203],[90.241,25.207],[90.248,25.204],[90.26,25.203],[90.265,25.2],[90.279,25.2],[90.295,25.197],[90.318,25.19],[90.325,25.193],[90.337,25.194],[90.345,25.191],[90.355,25.18],[90.383,25.163],[90.416,25.159],[90.424,25.153],[90.448,25.146],[90.455,25.144],[90.46,25.152],[90.494,25.161],[90.508,25.171],[90.516,25.17],[90.517,25.175],[90.525,25.172],[90.559,25.174],[90.561,25.172],[90.574,25.173],[90.583,25.171],[90.596,25.176],[90.613,25.175],[90.637,25.172],[90.642,25.175],[90.651,25.183],[90.657,25.181],[90.661,25.186],[90.667,25.187],[90.673,25.181],[90.673,25.167],[90.679,25.17],[90.69,25.172],[90.688,25.166],[90.695,25.163],[90.704,25.155],[90.72,25.167],[90.73,25.163],[90.739,25.154],[90.745,25.157],[90.74,25.162],[90.747,25.168],[90.751,25.164],[90.764,25.17],[90.77,25.177],[90.785,25.184],[90.789,25.178],[90.798,25.179],[90.809,25.165],[90.814,25.163],[90.82,25.166],[90.824,25.161],[90.843,25.159],[90.854,25.156],[90.871,25.159],[90.876,25.158],[90.886,25.164],[90.895,25.163],[90.9,25.165],[90.908,25.16],[90.93,25.161],[90.943,25.163],[90.953,25.167],[90.969,25.169],[90.97,25.171],[90.993,25.174],[91.005,25.18],[91.023,25.182],[91.028,25.185],[91.043,25.185],[91.056,25.188],[91.06,25.19],[91.071,25.191],[91.082,25.197],[91.104,25.197],[91.121,25.194],[91.138,25.194],[91.156,25.196],[91.172,25.194],[91.199,25.2],[91.216,25.199],[91.24,25.197],[91.245,25.194],[91.256,25.195],[91.266,25.202],[91.274,25.204],[91.28,25.199],[91.294,25.193],[91.293,25.187],[91.308,25.183],[91.326,25.182],[91.341,25.173],[91.357,25.172],[91.36,25.17],[91.368,25.176],[91.378,25.166],[91.395,25.167],[91.4,25.164],[91.416,25.165],[91.42,25.17],[91.425,25.166],[91.432,25.155],[91.44,25.154],[91.451,25.148],[91.471,25.15],[91.474,25.134],[91.485,25.136],[91.499,25.135],[91.504,25.137],[91.508,25.143],[91.514,25.145],[91.538,25.144],[91.559,25.149],[91.567,25.159],[91.575,25.161],[91.58,25.173],[91.585,25.172],[91.598,25.174],[91.617,25.176],[91.619,25.17],[91.608,25.167],[91.603,25.16],[91.607,25.143],[91.614,25.146],[91.626,25.145],[91.629,25.137],[91.628,25.128],[91.645,25.123],[91.661,25.132],[91.668,25.13],[91.679,25.138],[91.686,25.137],[91.696,25.139],[91.7,25.147],[91.708,25.151],[91.707,25.159],[91.72,25.158],[91.724,25.154],[91.738,25.151],[91.745,25.153],[91.745,25.164],[91.751,25.173],[91.753,25.18],[91.757,25.18],[91.767,25.172],[91.779,25.169],[91.793,25.171],[91.809,25.173],[91.823,25.176],[91.83,25.181],[91.837,25.182],[91.858,25.178],[91.867,25.178],[91.881,25.18],[91.897,25.181],[91.922,25.187],[91.943,25.184],[91.973,25.182],[91.98,25.176],[91.989,25.176],[92.003,25.187],[92.018,25.19],[92.031,25.182],[92.036,25.185],[92.066,25.19],[92.075,25.189],[92.102,25.181],[92.109,25.179],[92.114,25.175],[92.132,25.167],[92.145,25.159],[92.141,25.157],[92.139,25.146],[92.146,25.144],[92.158,25.138],[92.168,25.137],[92.168,25.132],[92.184,25.128],[92.185,25.124],[92.192,25.121],[92.203,25.128],[92.227,25.122],[92.216,25.12],[92.212,25.116],[92.215,25.112],[92.228,25.107],[92.229,25.101],[92.253,25.093],[92.261,25.088],[92.276,25.084],[92.282,25.081],[92.291,25.079],[92.31,25.073],[92.323,25.074],[92.327,25.08],[92.339,25.081],[92.356,25.073],[92.356,25.065],[92.346,25.056],[92.347,25.052],[92.37,25.051],[92.375,25.044],[92.401,25.041],[92.405,25.036],[92.426,25.032],[92.433,25.028],[92.429,25.01],[92.424,24.996],[92.424,24.983],[92.429,24.98],[92.428,24.973],[92.435,24.966],[92.446,24.967],[92.449,24.972],[92.461,24.976],[92.471,24.964],[92.474,24.957],[92.465,24.955],[92.459,24.96],[92.452,24.953],[92.459,24.946],[92.469,24.942],[92.479,24.943],[92.481,24.949],[92.489,24.954],[92.49,24.948],[92.488,24.939],[92.493,24.936],[92.494,24.927],[92.491,24.922],[92.502,24.912],[92.505,24.904],[92.498,24.904],[92.494,24.894],[92.501,24.892],[92.5,24.882],[92.492,24.874],[92.47,24.871],[92.461,24.873],[92.459,24.877],[92.449,24.877],[92.45,24.872],[92.447,24.863],[92.441,24.864],[92.433,24.86],[92.434,24.854],[92.425,24.854],[92.426,24.86],[92.416,24.863],[92.405,24.855],[92.395,24.855],[92.388,24.851],[92.385,24.857],[92.389,24.861],[92.385,24.867],[92.371,24.872],[92.365,24.882],[92.348,24.879],[92.339,24.88],[92.341,24.886],[92.336,24.893],[92.32,24.895],[92.32,24.9],[92.314,24.908],[92.309,24.908],[92.301,24.914],[92.298,24.92],[92.29,24.916],[92.291,24.91],[92.283,24.905],[92.28,24.91],[92.271,24.911],[92.268,24.906],[92.258,24.907],[92.255,24.914],[92.245,24.91],[92.242,24.897],[92.247,24.892],[92.25,24.885],[92.25,24.875],[92.242,24.873],[92.244,24.864],[92.244,24.849],[92.248,24.842],[92.257,24.841],[92.255,24.834],[92.278,24.83],[92.28,24.828],[92.282,24.806],[92.287,24.792],[92.293,24.789],[92.293,24.784],[92.287,24.772],[92.289,24.766],[92.294,24.763],[92.288,24.755],[92.285,24.744],[92.298,24.737],[92.294,24.729],[92.279,24.712],[92.277,24.707],[92.269,24.694],[92.263,24.689],[92.258,24.678],[92.26,24.673],[92.251,24.654],[92.253,24.649],[92.25,24.63],[92.239,24.6],[92.236,24.58],[92.234,24.562],[92.233,24.53],[92.231,24.504],[92.231,24.5],[92.221,24.502],[92.22,24.506],[92.212,24.509],[92.207,24.507],[92.2,24.511],[92.2,24.515],[92.193,24.521],[92.179,24.523],[92.18,24.529],[92.173,24.534],[92.161,24.526],[92.156,24.524],[92.156,24.516],[92.161,24.512],[92.156,24.508],[92.152,24.5],[92.156,24.498],[92.155,24.48],[92.159,24.477],[92.164,24.469],[92.158,24.46],[92.164,24.456],[92.167,24.447],[92.163,24.439],[92.173,24.431],[92.167,24.422],[92.156,24.426],[92.148,24.424],[92.139,24.424],[92.136,24.416],[92.138,24.41],[92.123,24.395],[92.124,24.387],[92.119,24.384],[92.103,24.383],[92.097,24.375],[92.089,24.373],[92.084,24.377],[92.072,24.375],[92.049,24.377],[92.037,24.38],[92.025,24.38],[92.018,24.385],[92.01,24.382],[92.007,24.387],[91.999,24.391],[91.994,24.387],[91.986,24.385],[91.986,24.376],[91.978,24.381],[91.974,24.389],[91.965,24.382],[91.97,24.379],[91.974,24.371],[91.978,24.371],[91.985,24.361],[91.98,24.358],[91.989,24.346],[91.998,24.339],[91.996,24.332],[91.995,24.321],[91.986,24.326],[91.983,24.331],[91.975,24.332],[91.971,24.339],[91.975,24.341],[91.971,24.349],[91.957,24.356],[91.944,24.349],[91.94,24.344],[91.92,24.336],[91.942,24.268],[91.932,24.239],[91.928,24.223],[91.912,24.172],[91.915,24.167],[91.914,24.16],[91.91,24.15],[91.91,24.142],[91.903,24.138],[91.896,24.14],[91.888,24.137],[91.879,24.148],[91.875,24.157],[91.872,24.174],[91.855,24.186],[91.842,24.198],[91.841,24.202],[91.848,24.207],[91.849,24.214],[91.857,24.214],[91.851,24.222],[91.843,24.222],[91.831,24.214],[91.816,24.209],[91.808,24.219],[91.791,24.221],[91.749,24.244],[91.743,24.247],[91.752,24.204],[91.753,24.197],[91.757,24.175],[91.762,24.143],[91.74,24.141],[91.732,24.142],[91.725,24.148],[91.71,24.152],[91.703,24.163],[91.692,24.159],[91.685,24.169],[91.682,24.182],[91.677,24.199],[91.668,24.21],[91.669,24.219],[91.668,24.23],[91.659,24.227],[91.648,24.214],[91.654,24.202],[91.653,24.196],[91.659,24.193],[91.66,24.188],[91.656,24.176],[91.648,24.178],[91.644,24.169],[91.646,24.155],[91.636,24.139],[91.639,24.133],[91.642,24.116],[91.64,24.108],[91.634,24.103],[91.623,24.097],[91.612,24.095],[91.6,24.098],[91.594,24.095],[91.599,24.088],[91.596,24.08],[91.585,24.076],[91.579,24.08],[91.56,24.079],[91.555,24.076],[91.545,24.076],[91.536,24.081],[91.519,24.086],[91.496,24.089],[91.49,24.098],[91.482,24.096],[91.476,24.1],[91.464,24.098],[91.455,24.098],[91.45,24.101],[91.444,24.098],[91.441,24.103],[91.432,24.102],[91.43,24.108],[91.41,24.111],[91.398,24.109],[91.378,24.11],[91.375,24.108],[91.377,24.081],[91.395,24.056],[91.397,24.051],[91.391,24.029],[91.381,24.018],[91.374,24.008],[91.374,23.997],[91.379,23.979],[91.373,23.978],[91.361,23.987],[91.355,23.985],[91.339,23.986],[91.335,23.992],[91.323,23.995],[91.319,23.994],[91.306,23.999],[91.301,23.983],[91.3,23.973],[91.289,23.968],[91.282,23.98],[91.273,23.967],[91.266,23.949],[91.276,23.936],[91.276,23.926],[91.262,23.926],[91.236,23.93],[91.244,23.924],[91.249,23.913],[91.249,23.909],[91.232,23.899],[91.233,23.883],[91.238,23.88],[91.247,23.858],[91.255,23.85],[91.258,23.84],[91.252,23.833],[91.238,23.812],[91.231,23.792],[91.234,23.786],[91.234,23.769],[91.229,23.753],[91.225,23.74],[91.217,23.744],[91.211,23.752],[91.195,23.753],[91.188,23.751],[91.172,23.752],[91.164,23.746],[91.16,23.739],[91.156,23.723],[91.154,23.71],[91.158,23.691],[91.177,23.692],[91.193,23.691],[91.201,23.692],[91.207,23.688],[91.208,23.683],[91.206,23.66],[91.21,23.657],[91.207,23.651],[91.199,23.647],[91.195,23.655],[91.176,23.657],[91.165,23.665],[91.164,23.648],[91.163,23.628],[91.166,23.602],[91.169,23.595],[91.182,23.594],[91.179,23.588],[91.194,23.575],[91.199,23.566],[91.198,23.549],[91.211,23.547],[91.211,23.537],[91.204,23.524],[91.211,23.514],[91.227,23.514],[91.223,23.505],[91.228,23.5],[91.237,23.503],[91.239,23.496],[91.245,23.492],[91.254,23.49],[91.257,23.482],[91.257,23.465],[91.26,23.448],[91.263,23.441],[91.271,23.437],[91.274,23.43],[91.271,23.426],[91.281,23.419],[91.283,23.41],[91.283,23.397],[91.283,23.386],[91.286,23.378],[91.298,23.379],[91.298,23.373],[91.291,23.372],[91.292,23.366],[91.3,23.362],[91.299,23.352],[91.309,23.355],[91.317,23.36],[91.326,23.362],[91.325,23.357],[91.318,23.353],[91.315,23.345],[91.306,23.344],[91.303,23.341],[91.297,23.321],[91.304,23.314],[91.316,23.314],[91.322,23.302],[91.313,23.299],[91.306,23.291],[91.311,23.286],[91.323,23.282],[91.316,23.277],[91.325,23.254],[91.332,23.253],[91.326,23.241],[91.329,23.235],[91.331,23.216],[91.33,23.197],[91.331,23.169],[91.33,23.158],[91.339,23.151],[91.343,23.131],[91.347,23.127],[91.347,23.117],[91.353,23.111],[91.353,23.101],[91.376,23.069],[91.378,23.064],[91.402,23.052],[91.418,23.056],[91.422,23.059],[91.418,23.069],[91.422,23.081],[91.412,23.083],[91.413,23.094],[91.408,23.095],[91.41,23.107],[91.403,23.119],[91.403,23.129],[91.396,23.148],[91.391,23.153],[91.393,23.168],[91.389,23.179],[91.393,23.193],[91.393,23.209],[91.397,23.213],[91.396,23.223],[91.404,23.226],[91.406,23.231],[91.403,23.238],[91.407,23.243],[91.416,23.245],[91.408,23.254],[91.418,23.254],[91.418,23.269],[91.424,23.276],[91.422,23.257],[91.443,23.258],[91.458,23.256],[91.452,23.248],[91.452,23.243],[91.462,23.242],[91.474,23.227],[91.459,23.219],[91.464,23.212],[91.482,23.216],[91.486,23.212],[91.49,23.202],[91.486,23.196],[91.477,23.195],[91.474,23.189],[91.506,23.187],[91.509,23.18],[91.5,23.176],[91.498,23.172],[91.504,23.166],[91.498,23.159],[91.498,23.151],[91.509,23.138],[91.516,23.137],[91.509,23.127],[91.521,23.12],[91.516,23.106],[91.526,23.1],[91.526,23.092],[91.533,23.092],[91.535,23.087],[91.531,23.081],[91.539,23.062],[91.529,23.054],[91.541,23.05],[91.536,23.039],[91.539,23.035],[91.554,23.034],[91.544,23.018],[91.553,23.016],[91.547,22.999],[91.553,22.993],[91.563,22.99],[91.563,22.976],[91.568,22.972],[91.587,22.964],[91.59,22.97],[91.604,22.972],[91.609,22.966],[91.605,22.956],[91.611,22.955],[91.619,22.95],[91.624,22.951],[91.634,22.968],[91.646,22.979],[91.65,22.98],[91.652,22.992],[91.657,22.987],[91.675,22.988],[91.678,22.991],[91.686,22.988],[91.692,22.992],[91.692,22.997],[91.698,23.003],[91.715,22.997],[91.72,22.988],[91.726,22.99],[91.728,22.997],[91.739,23.005],[91.746,23.006],[91.756,23.016],[91.761,23.025],[91.766,23.029],[91.771,23.037],[91.778,23.036],[91.78,23.031],[91.787,23.037],[91.787,23.049],[91.782,23.053],[91.778,23.065],[91.788,23.073],[91.794,23.071],[91.795,23.066],[91.807,23.068],[91.817,23.074],[91.823,23.076],[91.824,23.086],[91.835,23.092],[91.832,23.1],[91.825,23.1],[91.825,23.107],[91.821,23.118],[91.812,23.131],[91.815,23.139],[91.812,23.155],[91.806,23.159],[91.807,23.169],[91.8,23.179],[91.799,23.197],[91.794,23.201],[91.793,23.209],[91.788,23.214],[91.792,23.229],[91.779,23.241],[91.773,23.251],[91.771,23.264],[91.775,23.278],[91.781,23.288],[91.79,23.309],[91.808,23.339],[91.821,23.351],[91.827,23.362],[91.832,23.366],[91.844,23.38],[91.838,23.384],[91.844,23.391],[91.842,23.394],[91.85,23.403],[91.86,23.407],[91.872,23.415],[91.88,23.423],[91.887,23.427],[91.893,23.435],[91.9,23.436],[91.904,23.441],[91.911,23.441],[91.922,23.443],[91.931,23.44],[91.937,23.441],[91.942,23.438],[91.947,23.444],[91.941,23.461],[91.944,23.47],[91.952,23.47],[91.964,23.482],[91.973,23.481],[91.973,23.491],[91.976,23.496],[91.972,23.499],[91.974,23.504],[91.968,23.514],[91.961,23.516],[91.961,23.527],[91.968,23.529],[91.961,23.538],[91.966,23.554],[91.96,23.567],[91.964,23.579],[91.959,23.586],[91.951,23.588],[91.955,23.596],[91.957,23.618],[91.951,23.633],[91.952,23.647],[91.95,23.658],[91.942,23.682],[91.952,23.691],[91.957,23.699],[91.958,23.71],[91.957,23.719],[91.962,23.728],[91.977,23.731],[91.984,23.73],[91.997,23.705],[92.002,23.689],[92.014,23.669],[92.027,23.657],[92.036,23.662],[92.054,23.65],[92.071,23.645],[92.081,23.648],[92.087,23.654],[92.085,23.664],[92.091,23.677],[92.096,23.679],[92.106,23.676],[92.135,23.71],[92.142,23.715],[92.15,23.732],[92.168,23.741],[92.178,23.743],[92.181,23.742],[92.179,23.732],[92.18,23.721],[92.187,23.711],[92.194,23.712],[92.212,23.702],[92.218,23.695],[92.213,23.664],[92.22,23.659],[92.228,23.659],[92.238,23.67],[92.238,23.677],[92.242,23.689],[92.247,23.692],[92.241,23.708],[92.241,23.714],[92.247,23.724],[92.252,23.727],[92.269,23.729],[92.276,23.722],[92.283,23.708],[92.291,23.703],[92.295,23.694],[92.295,23.676],[92.288,23.657],[92.28,23.644],[92.285,23.636],[92.281,23.63],[92.288,23.627],[92.293,23.63],[92.3,23.625],[92.293,23.616],[92.294,23.596],[92.301,23.589],[92.306,23.591],[92.311,23.579],[92.313,23.563],[92.318,23.555],[92.313,23.534],[92.323,23.525],[92.321,23.522],[92.323,23.511],[92.326,23.508],[92.328,23.492],[92.323,23.49],[92.331,23.477],[92.327,23.471],[92.338,23.464],[92.335,23.456],[92.341,23.431],[92.347,23.436],[92.353,23.429],[92.353,23.415],[92.361,23.41],[92.362,23.404],[92.359,23.398],[92.363,23.391],[92.36,23.381],[92.364,23.375],[92.365,23.368],[92.38,23.362],[92.384,23.354],[92.379,23.335],[92.374,23.321],[92.381,23.321],[92.388,23.309],[92.391,23.285],[92.395,23.282],[92.4,23.269],[92.399,23.261],[92.406,23.256],[92.409,23.242],[92.398,23.241],[92.373,23.24],[92.361,23.238],[92.364,23.22],[92.364,23.201],[92.362,23.197],[92.363,23.189],[92.369,23.186],[92.365,23.181],[92.366,23.174],[92.372,23.16],[92.368,23.152],[92.369,23.146],[92.365,23.137],[92.373,23.128],[92.365,23.11],[92.369,23.099],[92.374,23.096],[92.377,23.089],[92.386,23.084],[92.388,23.07],[92.394,23.058],[92.393,23.047],[92.385,23.038],[92.386,23.022],[92.382,23.01],[92.386,23.002],[92.385,22.987],[92.381,22.982],[92.378,22.965],[92.38,22.955],[92.376,22.94],[92.376,22.934],[92.381,22.93],[92.395,22.932],[92.399,22.929],[92.404,22.917],[92.41,22.917],[92.419,22.913],[92.428,22.902],[92.431,22.89],[92.439,22.887],[92.448,22.894],[92.45,22.879],[92.458,22.872],[92.454,22.866],[92.461,22.862],[92.464,22.856],[92.461,22.843],[92.458,22.842],[92.465,22.833],[92.458,22.826],[92.463,22.814],[92.473,22.801],[92.478,22.798],[92.476,22.791],[92.478,22.784],[92.483,22.782],[92.485,22.764],[92.491,22.752],[92.489,22.747],[92.506,22.744],[92.503,22.741],[92.513,22.719],[92.518,22.708],[92.522,22.688],[92.527,22.676],[92.528,22.666],[92.532,22.656],[92.534,22.636],[92.536,22.627],[92.536,22.618],[92.54,22.604],[92.54,22.579],[92.534,22.575],[92.533,22.566],[92.542,22.554],[92.546,22.533],[92.549,22.522],[92.553,22.521],[92.55,22.51],[92.553,22.481],[92.558,22.463],[92.559,22.438],[92.564,22.415],[92.566,22.392],[92.57,22.377],[92.576,22.363],[92.581,22.341],[92.588,22.321],[92.586,22.304],[92.586,22.289],[92.598,22.257],[92.598,22.232],[92.601,22.215],[92.605,22.183],[92.606,22.178],[92.614,22.173],[92.614,22.151],[92.615,22.147],[92.61,22.121],[92.596,22.137],[92.588,22.14],[92.585,22.135],[92.571,22.132],[92.57,22.129],[92.575,22.118],[92.584,22.106],[92.593,22.082],[92.6,22.071],[92.599,22.064],[92.605,22.058],[92.605,22.05],[92.599,22.038],[92.605,22.031],[92.605,22.01],[92.61,22.004],[92.612,21.996],[92.609,21.993],[92.612,21.98],[92.63,21.985],[92.638,21.989],[92.645,21.998],[92.659,22.015],[92.681,22.014],[92.687,22.024],[92.69,22.041],[92.687,22.05],[92.687,22.063],[92.684,22.105],[92.69,22.107],[92.691,22.081],[92.697,22.081],[92.697,22.099],[92.701,22.138],[92.699,22.148],[92.703,22.154],[92.718,22.153],[92.733,22.15],[92.738,22.139],[92.766,22.126],[92.77,22.123],[92.769,22.116],[92.774,22.111],[92.789,22.109],[92.817,22.096],[92.826,22.08],[92.837,22.076],[92.849,22.062],[92.863,22.068],[92.87,22.061],[92.872,22.037],[92.875,22.03],[92.889,22.018],[92.894,22.012],[92.905,21.981],[92.906,21.954],[92.911,21.946],[92.916,21.949],[92.914,21.957],[92.916,21.965],[92.928,21.996],[92.939,22.009],[92.932,22.018],[92.942,22.018],[92.956,22.03],[92.967,22.027],[92.967,22.02],[92.973,22.01],[92.98,22.006],[92.988,21.983],[92.999,21.978],[93.007,21.98],[93.009,21.984],[93.01,22.011],[93.008,22.02],[93.002,22.032],[93.0,22.04],[93.001,22.056],[93.014,22.085],[93.016,22.093],[93.013,22.102],[93.016,22.105],[93.039,22.105],[93.052,22.099],[93.066,22.102],[93.066,22.113],[93.059,22.128],[93.047,22.139],[93.055,22.165],[93.054,22.176],[93.045,22.194],[93.054,22.203],[93.06,22.204],[93.077,22.21],[93.089,22.203],[93.102,22.199],[93.117,22.201],[93.123,22.189],[93.131,22.179],[93.139,22.177],[93.154,22.178],[93.163,22.182],[93.17,22.2],[93.159,22.21],[93.156,22.217],[93.157,22.229],[93.146,22.241],[93.147,22.247],[93.16,22.247],[93.171,22.25],[93.19,22.25],[93.196,22.256],[93.209,22.261],[93.209,22.266],[93.202,22.281],[93.201,22.313],[93.196,22.325],[93.207,22.33],[93.199,22.337],[93.2,22.344],[93.197,22.359],[93.193,22.371],[93.197,22.38],[93.191,22.396],[93.196,22.403],[93.194,22.409],[93.189,22.414],[93.191,22.427],[93.188,22.434],[93.182,22.439],[93.175,22.451],[93.163,22.454],[93.157,22.452],[93.146,22.458],[93.135,22.475],[93.138,22.487],[93.138,22.495],[93.129,22.51],[93.134,22.52],[93.131,22.526],[93.112,22.532],[93.116,22.54],[93.116,22.555],[93.122,22.56],[93.129,22.574],[93.136,22.582],[93.146,22.586],[93.143,22.608],[93.136,22.623],[93.13,22.629],[93.124,22.63],[93.115,22.639],[93.118,22.651],[93.111,22.659],[93.104,22.674],[93.107,22.686],[93.104,22.696],[93.092,22.709],[93.099,22.714],[93.102,22.727],[93.113,22.744],[93.108,22.77],[93.099,22.81],[93.116,22.816],[93.111,22.828],[93.121,22.837],[93.122,22.863],[93.13,22.869],[93.133,22.875],[93.138,22.893],[93.139,22.9],[93.135,22.907],[93.139,22.913],[93.163,22.914],[93.168,22.919],[93.166,22.922],[93.153,22.931],[93.152,22.95],[93.146,22.961],[93.143,22.964],[93.147,22.971],[93.148,22.981],[93.143,22.994],[93.133,22.996],[93.129,23.001],[93.13,23.006],[93.136,23.013],[93.132,23.026],[93.136,23.035],[93.133,23.048],[93.142,23.061],[93.147,23.062],[93.156,23.058],[93.168,23.049],[93.183,23.058],[93.194,23.06],[93.206,23.057],[93.22,23.045],[93.234,23.022],[93.241,23.014],[93.253,23.006],[93.268,23.012],[93.279,23.006],[93.288,23.005],[93.302,23.008],[93.315,23.022],[93.321,23.022],[93.333,23.036],[93.345,23.065],[93.353,23.065],[93.358,23.078],[93.351,23.08],[93.352,23.085],[93.362,23.095],[93.365,23.117],[93.369,23.121],[93.382,23.128],[93.394,23.139],[93.394,23.144],[93.391,23.148],[93.379,23.144],[93.374,23.15],[93.376,23.159],[93.381,23.167],[93.385,23.188],[93.387,23.211],[93.395,23.22],[93.395,23.224],[93.383,23.245],[93.378,23.256],[93.375,23.275],[93.375,23.283],[93.381,23.29],[93.378,23.307],[93.377,23.319],[93.379,23.333],[93.366,23.354],[93.367,23.358],[93.376,23.363],[93.399,23.364],[93.396,23.374],[93.405,23.383],[93.414,23.388],[93.406,23.398],[93.398,23.411],[93.397,23.433],[93.401,23.457],[93.406,23.467],[93.407,23.475],[93.404,23.485],[93.408,23.496],[93.408,23.508],[93.428,23.534],[93.427,23.553],[93.424,23.562],[93.424,23.569],[93.433,23.582],[93.433,23.619],[93.429,23.645],[93.428,23.654],[93.436,23.672],[93.445,23.682],[93.437,23.696],[93.423,23.704],[93.417,23.712],[93.415,23.723],[93.418,23.733],[93.414,23.743],[93.407,23.756],[93.404,23.775],[93.41,23.799],[93.41,23.814],[93.401,23.819],[93.399,23.824],[93.4,23.835],[93.397,23.841],[93.397,23.864],[93.396,23.887],[93.398,23.913],[93.4,23.924],[93.399,23.93],[93.391,23.934],[93.376,23.938],[93.365,23.946],[93.356,23.961],[93.352,23.978],[93.337,23.983],[93.334,23.987],[93.339,23.996],[93.34,24.012],[93.337,24.024],[93.342,24.031],[93.333,24.04],[93.342,24.045],[93.337,24.053],[93.337,24.061],[93.342,24.067],[93.339,24.072],[93.334,24.09],[93.344,24.094],[93.347,24.092],[93.354,24.098],[93.349,24.105],[93.347,24.113],[93.357,24.109],[93.366,24.093],[93.391,24.088],[93.404,24.084],[93.415,24.079],[93.425,24.072],[93.433,24.062],[93.44,24.044],[93.444,24.028],[93.453,24.023],[93.459,24.01],[93.467,23.999],[93.466,23.979],[93.472,23.971],[93.486,23.968],[93.489,23.962],[93.503,23.956],[93.509,23.949],[93.515,23.947],[93.531,23.961],[93.539,23.963],[93.555,23.965],[93.558,23.97],[93.557,23.98],[93.564,23.99],[93.569,23.989],[93.577,23.978],[93.58,23.97],[93.597,23.967],[93.609,23.973],[93.616,23.981],[93.621,23.991],[93.62,24.0],[93.617,24.003],[93.616,24.011],[93.628,24.015],[93.635,24.013],[93.652,24.014],[93.663,24.005],[93.674,24.008],[93.678,24.011],[93.713,24.005],[93.72,24.006],[93.74,23.999],[93.744,24.001],[93.747,24.009],[93.757,24.009],[93.762,24.004],[93.773,23.982],[93.786,23.969],[93.794,23.968],[93.797,23.957],[93.801,23.956],[93.805,23.947],[93.808,23.933],[93.816,23.93],[93.838,23.932],[93.849,23.938],[93.866,23.938],[93.877,23.947],[93.887,23.947],[93.896,23.955],[93.907,23.957],[93.921,23.957],[93.954,23.95],[93.96,23.947],[93.962,23.937],[93.969,23.934],[94.002,23.931],[94.018,23.934],[94.028,23.926],[94.043,23.918],[94.047,23.913],[94.051,23.9],[94.057,23.898],[94.076,23.893],[94.096,23.894],[94.101,23.889],[94.104,23.877],[94.114,23.867],[94.115,23.852],[94.123,23.843],[94.135,23.846],[94.139,23.856],[94.147,23.856],[94.155,23.851],[94.161,23.853],[94.165,23.865],[94.168,23.889],[94.17,23.929],[94.171,23.935],[94.177,23.939],[94.19,23.934],[94.196,23.938],[94.197,23.944],[94.194,23.951],[94.194,23.965],[94.21,23.992],[94.215,23.997],[94.226,24.014],[94.232,24.021],[94.245,24.044],[94.235,24.059],[94.233,24.067],[94.247,24.063],[94.26,24.09],[94.26,24.096],[94.257,24.107],[94.259,24.12],[94.258,24.143],[94.263,24.168],[94.267,24.172],[94.28,24.176],[94.284,24.18],[94.285,24.203],[94.292,24.223],[94.295,24.24],[94.304,24.245],[94.313,24.254],[94.315,24.26],[94.328,24.292],[94.328,24.319],[94.326,24.339],[94.347,24.339],[94.352,24.342],[94.378,24.371],[94.386,24.385],[94.376,24.393],[94.365,24.4],[94.367,24.405],[94.374,24.405],[94.392,24.41],[94.399,24.413],[94.407,24.431],[94.409,24.444],[94.408,24.454],[94.4,24.462],[94.411,24.47],[94.403,24.488],[94.422,24.491],[94.43,24.493],[94.437,24.516],[94.44,24.52],[94.456,24.555],[94.46,24.567],[94.465,24.576],[94.485,24.582],[94.49,24.589],[94.498,24.593],[94.508,24.602],[94.521,24.617],[94.531,24.632],[94.541,24.649],[94.551,24.675],[94.553,24.693],[94.547,24.707],[94.551,24.717],[94.562,24.718],[94.571,24.712],[94.577,24.712],[94.573,24.722],[94.578,24.73],[94.586,24.73],[94.585,24.715],[94.591,24.711],[94.611,24.722],[94.612,24.734],[94.618,24.744],[94.633,24.765],[94.633,24.773],[94.625,24.785],[94.625,24.796],[94.627,24.804],[94.635,24.815],[94.635,24.829],[94.638,24.842],[94.641,24.849],[94.656,24.863],[94.657,24.874],[94.662,24.877],[94.68,24.887],[94.692,24.9],[94.693,24.908],[94.702,24.928],[94.706,24.934],[94.719,24.942],[94.714,24.953],[94.706,24.96],[94.702,24.968],[94.703,24.978],[94.713,24.994],[94.726,25.001],[94.735,25.013],[94.742,25.025],[94.746,25.044],[94.751,25.064],[94.751,25.075],[94.746,25.102],[94.746,25.137],[94.736,25.143],[94.729,25.144],[94.714,25.15],[94.703,25.16],[94.699,25.161],[94.687,25.158],[94.677,25.165],[94.658,25.172],[94.648,25.174],[94.638,25.182],[94.631,25.19],[94.623,25.191],[94.613,25.189],[94.602,25.195],[94.592,25.205],[94.585,25.216],[94.587,25.225],[94.592,25.237],[94.599,25.267],[94.598,25.275],[94.599,25.289],[94.602,25.299],[94.613,25.322],[94.622,25.337],[94.628,25.355],[94.627,25.375],[94.631,25.387],[94.638,25.394],[94.649,25.406],[94.671,25.413],[94.676,25.421],[94.682,25.451],[94.682,25.46],[94.689,25.465],[94.722,25.472],[94.747,25.479],[94.752,25.483],[94.757,25.492],[94.762,25.492],[94.767,25.482],[94.773,25.481],[94.785,25.49],[94.797,25.494],[94.812,25.495],[94.819,25.507],[94.82,25.514],[94.829,25.528],[94.83,25.538],[94.837,25.55],[94.853,25.563],[94.888,25.565],[94.905,25.567],[94.904,25.571],[94.892,25.582],[94.888,25.588],[94.889,25.593],[94.896,25.598],[94.911,25.603],[94.917,25.608],[94.921,25.615],[94.927,25.641],[94.933,25.654],[94.935,25.665],[94.943,25.675],[94.984,25.704],[94.989,25.709],[94.999,25.722],[95.002,25.733],[95.009,25.739],[95.019,25.738],[95.034,25.741],[95.041,25.748],[95.053,25.763],[95.046,25.779],[95.046,25.783],[95.051,25.799],[95.049,25.81],[95.037,25.82],[95.035,25.827],[95.033,25.847],[95.028,25.851],[95.015,25.872],[95.016,25.881],[95.022,25.888],[95.019,25.901],[95.022,25.91],[95.028,25.92],[95.036,25.927],[95.037,25.935],[95.045,25.935],[95.053,25.945],[95.057,25.947],[95.079,25.951],[95.093,25.961],[95.106,25.968],[95.118,25.988],[95.128,25.995],[95.141,26.006],[95.149,26.019],[95.163,26.031],[95.165,26.035],[95.166,26.053],[95.184,26.075],[95.185,26.085],[95.171,26.097],[95.166,26.099],[95.152,26.095],[95.144,26.101],[95.138,26.103],[95.127,26.101],[95.121,26.11],[95.121,26.122],[95.128,26.137],[95.124,26.149],[95.117,26.163],[95.118,26.169],[95.126,26.183],[95.128,26.194],[95.125,26.197],[95.128,26.203],[95.138,26.209],[95.143,26.214],[95.133,26.226],[95.123,26.233],[95.121,26.239],[95.13,26.256],[95.121,26.275],[95.121,26.279],[95.131,26.292],[95.131,26.307],[95.128,26.336],[95.133,26.343],[95.128,26.355],[95.135,26.376],[95.136,26.388],[95.122,26.398],[95.105,26.401],[95.106,26.415],[95.109,26.424],[95.087,26.452],[95.082,26.453],[95.066,26.45],[95.069,26.467],[95.075,26.473],[95.076,26.478],[95.091,26.495],[95.102,26.503],[95.103,26.513],[95.113,26.519],[95.121,26.53],[95.121,26.534],[95.115,26.548],[95.125,26.557],[95.127,26.562],[95.139,26.56],[95.144,26.563],[95.145,26.568],[95.154,26.581],[95.156,26.587],[95.152,26.598],[95.155,26.619],[95.158,26.623],[95.171,26.63],[95.182,26.643],[95.191,26.648],[95.206,26.649],[95.219,26.661],[95.238,26.686],[95.244,26.694],[95.251,26.692],[95.26,26.686],[95.262,26.674],[95.272,26.663],[95.293,26.661],[95.303,26.656],[95.308,26.658],[95.318,26.667],[95.347,26.678],[95.366,26.678],[95.372,26.679],[95.384,26.688],[95.395,26.691],[95.406,26.697],[95.423,26.697],[95.429,26.7],[95.435,26.708],[95.442,26.723],[95.454,26.732],[95.461,26.746],[95.466,26.75],[95.483,26.755],[95.489,26.762],[95.502,26.783],[95.507,26.797],[95.515,26.813],[95.525,26.82],[95.533,26.831],[95.546,26.838],[95.555,26.84],[95.563,26.837],[95.575,26.826],[95.585,26.823],[95.612,26.821],[95.622,26.837],[95.632,26.849],[95.635,26.867],[95.634,26.873],[95.637,26.879],[95.642,26.883],[95.651,26.884],[95.658,26.898],[95.663,26.905],[95.673,26.91],[95.692,26.9],[95.699,26.895],[95.703,26.887],[95.721,26.884],[95.731,26.887],[95.745,26.901],[95.755,26.908],[95.758,26.915],[95.753,26.93],[95.757,26.94],[95.764,26.945],[95.761,26.964],[95.78,26.99],[95.805,27.012],[95.808,27.02],[95.815,27.022],[95.838,27.015],[95.858,27.022],[95.877,27.02],[95.889,27.028],[95.901,27.032],[95.916,27.045],[95.936,27.053],[95.957,27.068],[95.963,27.082],[95.979,27.111],[95.99,27.125],[96.017,27.155],[96.023,27.166],[96.03,27.188],[96.036,27.196],[96.057,27.203],[96.069,27.213],[96.086,27.217],[96.092,27.227],[96.099,27.231],[96.115,27.233],[96.15,27.25],[96.164,27.254],[96.182,27.254],[96.196,27.265],[96.206,27.266],[96.218,27.27],[96.227,27.281],[96.234,27.285],[96.241,27.284],[96.267,27.278],[96.279,27.279],[96.282,27.286],[96.29,27.294],[96.311,27.302],[96.32,27.298],[96.336,27.296],[96.348,27.288],[96.362,27.294],[96.364,27.3],[96.383,27.298],[96.392,27.295],[96.402,27.299],[96.416,27.3],[96.433,27.31],[96.462,27.309],[96.471,27.312],[96.486,27.305],[96.5,27.309],[96.517,27.301],[96.522,27.294],[96.531,27.298],[96.545,27.31],[96.562,27.325],[96.575,27.329],[96.592,27.341],[96.601,27.345],[96.598,27.356],[96.613,27.369],[96.62,27.373],[96.63,27.372],[96.646,27.368],[96.67,27.372],[96.694,27.366],[96.699,27.366],[96.706,27.371],[96.713,27.381],[96.723,27.377],[96.741,27.364],[96.754,27.363],[96.773,27.365],[96.785,27.359],[96.802,27.354],[96.806,27.35],[96.817,27.33],[96.825,27.32],[96.836,27.311],[96.85,27.306],[96.856,27.28],[96.866,27.269],[96.875,27.267],[96.885,27.268],[96.889,27.264],[96.887,27.255],[96.893,27.248],[96.89,27.237],[96.885,27.233],[96.866,27.224],[96.863,27.219],[96.864,27.207],[96.866,27.2],[96.876,27.194],[96.903,27.181],[96.918,27.175],[96.955,27.174],[96.974,27.171],[96.985,27.167],[96.993,27.161],[96.999,27.154],[97.013,27.147],[97.03,27.142],[97.042,27.131],[97.053,27.119],[97.063,27.111],[97.072,27.109],[97.079,27.11],[97.099,27.119],[97.109,27.121],[97.115,27.12],[97.131,27.104],[97.14,27.101],[97.146,27.103],[97.156,27.126],[97.172,27.137],[97.172,27.144],[97.167,27.155],[97.156,27.162],[97.15,27.178],[97.14,27.177],[97.127,27.185],[97.124,27.2],[97.117,27.209],[97.101,27.215],[97.095,27.221],[97.096,27.241],[97.094,27.248],[97.082,27.254],[97.059,27.277],[97.057,27.286],[97.044,27.29],[97.04,27.308],[97.017,27.32],[97.003,27.33],[96.997,27.355],[96.985,27.363],[96.982,27.374],[96.972,27.379],[96.969,27.386],[96.976,27.396],[96.969,27.402],[96.966,27.415],[96.949,27.421],[96.941,27.427],[96.933,27.451],[96.926,27.456],[96.912,27.463],[96.911,27.482],[96.914,27.488],[96.926,27.503],[96.934,27.516],[96.938,27.53],[96.929,27.542],[96.925,27.551],[96.916,27.558],[96.913,27.576],[96.914,27.588],[96.903,27.59],[96.899,27.594],[96.898,27.621],[96.901,27.624],[96.913,27.627],[96.919,27.631],[96.927,27.642],[96.929,27.656],[96.939,27.661],[96.942,27.667],[96.959,27.674],[96.978,27.672],[96.983,27.68],[96.985,27.691],[96.989,27.697],[96.997,27.703],[97.003,27.71],[97.01,27.726],[97.016,27.741],[97.029,27.749],[97.037,27.752],[97.048,27.749],[97.057,27.752],[97.068,27.76],[97.091,27.748],[97.096,27.75],[97.101,27.767],[97.105,27.775],[97.098,27.789],[97.102,27.793],[97.124,27.799],[97.134,27.806],[97.137,27.815],[97.16,27.823],[97.169,27.831],[97.168,27.836],[97.182,27.842],[97.203,27.864],[97.237,27.89],[97.247,27.904],[97.256,27.91],[97.281,27.92],[97.309,27.93],[97.315,27.925],[97.324,27.912],[97.321,27.89],[97.344,27.894],[97.365,27.885],[97.371,27.887],[97.378,27.893],[97.389,27.896],[97.388,27.904],[97.38,27.913],[97.379,27.918],[97.388,27.927],[97.388,27.931],[97.376,27.944],[97.379,27.963],[97.378,27.986],[97.383,27.992],[97.391,28.012],[97.412,28.015],[97.415,28.024],[97.399,28.034],[97.382,28.04],[97.377,28.039],[97.368,28.052],[97.374,28.063],[97.374,28.07],[97.366,28.068],[97.332,28.065],[97.319,28.067],[97.312,28.07],[97.308,28.077],[97.31,28.093],[97.317,28.101],[97.339,28.12],[97.34,28.125],[97.327,28.142],[97.325,28.148],[97.331,28.163],[97.359,28.188],[97.364,28.196],[97.372,28.2],[97.392,28.191],[97.4,28.194],[97.401,28.201],[97.39,28.212],[97.375,28.226],[97.365,28.232],[97.351,28.234],[97.334,28.248],[97.322,28.252],[97.313,28.252],[97.308,28.258],[97.306,28.264],[97.282,28.276],[97.268,28.278],[97.241,28.275],[97.234,28.281],[97.224,28.3],[97.214,28.299],[97.193,28.294],[97.178,28.297],[97.169,28.302],[97.159,28.327],[97.152,28.334],[97.13,28.351],[97.126,28.356],[97.113,28.359],[97.093,28.37],[97.066,28.36],[97.052,28.358],[97.041,28.349],[97.036,28.339],[97.023,28.326],[97.004,28.318],[96.996,28.316],[96.987,28.322],[96.974,28.324],[96.953,28.34],[96.926,28.345],[96.921,28.352],[96.92,28.363],[96.91,28.371],[96.899,28.386],[96.894,28.386],[96.87,28.381],[96.862,28.378],[96.852,28.368],[96.826,28.367],[96.812,28.368],[96.797,28.371],[96.783,28.37],[96.774,28.374],[96.767,28.39],[96.763,28.404],[96.757,28.415],[96.751,28.422],[96.734,28.431],[96.717,28.433],[96.706,28.437],[96.681,28.451],[96.665,28.466],[96.66,28.466],[96.639,28.464],[96.621,28.464],[96.599,28.466],[96.58,28.463],[96.56,28.453],[96.551,28.442],[96.534,28.435],[96.52,28.423],[96.51,28.418],[96.497,28.424],[96.48,28.425],[96.458,28.419],[96.447,28.407],[96.439,28.401],[96.432,28.392],[96.427,28.363],[96.423,28.351],[96.413,28.347],[96.399,28.344],[96.392,28.363],[96.38,28.364],[96.375,28.387],[96.371,28.394],[96.362,28.394],[96.32,28.386],[96.315,28.388],[96.305,28.405],[96.288,28.409],[96.267,28.41],[96.266,28.417],[96.274,28.424],[96.297,28.439],[96.31,28.446],[96.335,28.463],[96.341,28.47],[96.367,28.48],[96.373,28.487],[96.372,28.497],[96.361,28.51],[96.342,28.521],[96.324,28.53],[96.326,28.534],[96.335,28.539],[96.343,28.551],[96.355,28.561],[96.371,28.564],[96.401,28.562],[96.407,28.564],[96.406,28.578],[96.4,28.59],[96.407,28.594],[96.423,28.585],[96.428,28.587],[96.435,28.597],[96.444,28.606],[96.473,28.622],[96.494,28.638],[96.495,28.644],[96.484,28.665],[96.471,28.685],[96.473,28.688],[96.491,28.688],[96.498,28.693],[96.508,28.701],[96.522,28.709],[96.532,28.711],[96.56,28.712],[96.572,28.715],[96.586,28.722],[96.609,28.753],[96.616,28.765],[96.616,28.779],[96.608,28.798],[96.595,28.815],[96.584,28.822],[96.576,28.83],[96.563,28.848],[96.56,28.856],[96.553,28.863],[96.547,28.875],[96.537,28.884],[96.536,28.897],[96.539,28.921],[96.535,28.93],[96.524,28.948],[96.521,28.965],[96.519,28.971],[96.513,28.97],[96.501,28.964],[96.493,28.962],[96.488,28.965],[96.477,28.994],[96.489,29.01],[96.499,29.031],[96.512,29.053],[96.525,29.079],[96.519,29.078],[96.5,29.071],[96.492,29.066],[96.477,29.06],[96.467,29.054],[96.459,29.046],[96.436,29.038],[96.421,29.037],[96.389,29.034],[96.369,29.035],[96.347,29.032],[96.322,29.013],[96.309,29.006],[96.294,28.999],[96.287,28.992],[96.282,28.984],[96.261,28.965],[96.256,28.959],[96.248,28.943],[96.228,28.929],[96.215,28.923],[96.186,28.912],[96.175,28.904],[96.167,28.906],[96.163,28.922],[96.145,28.937],[96.154,28.947],[96.155,28.956],[96.18,28.969],[96.185,28.978],[96.185,28.988],[96.18,28.999],[96.176,29.003],[96.165,29.02],[96.161,29.037],[96.15,29.053],[96.137,29.064],[96.115,29.078],[96.124,29.081],[96.17,29.088],[96.186,29.095],[96.2,29.106],[96.217,29.138],[96.228,29.146],[96.249,29.15],[96.26,29.16],[96.291,29.162],[96.308,29.168],[96.333,29.17],[96.346,29.171],[96.358,29.182],[96.363,29.198],[96.371,29.218],[96.388,29.234],[96.392,29.246],[96.393,29.257],[96.388,29.264],[96.382,29.276],[96.375,29.284],[96.363,29.286],[96.345,29.267],[96.313,29.259],[96.293,29.236],[96.266,29.237],[96.251,29.233],[96.244,29.235],[96.234,29.243],[96.226,29.26],[96.21,29.275],[96.203,29.294],[96.183,29.309],[96.186,29.344],[96.175,29.365],[96.158,29.383],[96.15,29.399],[96.139,29.408],[96.124,29.418],[96.113,29.428],[96.093,29.456],[96.087,29.462],[96.081,29.463],[96.069,29.462],[96.056,29.458],[96.035,29.443],[96.015,29.421],[96.002,29.412],[95.993,29.41],[95.978,29.4],[95.966,29.387],[95.957,29.383],[95.935,29.384],[95.889,29.391],[95.881,29.391],[95.859,29.368],[95.84,29.354],[95.827,29.356],[95.819,29.352],[95.803,29.339],[95.796,29.336],[95.791,29.338],[95.783,29.356],[95.778,29.356],[95.765,29.345],[95.745,29.329],[95.743,29.316],[95.727,29.302],[95.715,29.298],[95.702,29.3],[95.692,29.287],[95.683,29.277],[95.673,29.271],[95.643,29.256],[95.638,29.25],[95.631,29.249],[95.605,29.262],[95.599,29.262],[95.593,29.254],[95.588,29.242],[95.586,29.228],[95.586,29.218],[95.545,29.216],[95.538,29.214],[95.537,29.208],[95.542,29.197],[95.545,29.181],[95.547,29.151],[95.547,29.129],[95.538,29.131],[95.504,29.143],[95.496,29.14],[95.492,29.124],[95.492,29.109],[95.489,29.09],[95.486,29.076],[95.483,29.071],[95.474,29.066],[95.465,29.055],[95.459,29.043],[95.454,29.037],[95.439,29.037],[95.429,29.041],[95.422,29.041],[95.41,29.034],[95.385,29.038],[95.374,29.041],[95.345,29.046],[95.318,29.055],[95.303,29.063],[95.286,29.062],[95.267,29.058],[95.258,29.062],[95.25,29.069],[95.251,29.086],[95.248,29.094],[95.251,29.11],[95.24,29.111],[95.217,29.108],[95.197,29.108],[95.178,29.109],[95.146,29.116],[95.122,29.116],[95.114,29.121],[95.103,29.14],[95.098,29.144],[95.078,29.146],[95.04,29.152],[95.02,29.161],[95.005,29.17],[94.997,29.173],[94.987,29.174],[94.992,29.166],[95.01,29.152],[95.026,29.134],[95.023,29.131],[95.011,29.133],[94.995,29.141],[94.971,29.156],[94.968,29.16],[94.919,29.162],[94.907,29.167],[94.893,29.176],[94.881,29.182],[94.872,29.184],[94.847,29.183],[94.809,29.167],[94.798,29.165],[94.793,29.17],[94.793,29.18],[94.797,29.195],[94.798,29.21],[94.791,29.226],[94.783,29.233],[94.777,29.241],[94.767,29.253],[94.748,29.266],[94.737,29.282],[94.711,29.304],[94.695,29.314],[94.677,29.328],[94.666,29.332],[94.641,29.347],[94.628,29.349],[94.624,29.346],[94.624,29.337],[94.619,29.313],[94.611,29.301],[94.584,29.283],[94.578,29.281],[94.574,29.275],[94.572,29.251],[94.567,29.241],[94.558,29.229],[94.533,29.219],[94.494,29.217],[94.479,29.219],[94.455,29.224],[94.431,29.227],[94.414,29.213],[94.4,29.205],[94.377,29.195],[94.372,29.19],[94.368,29.166],[94.364,29.157],[94.35,29.15],[94.298,29.151],[94.288,29.148],[94.278,29.135],[94.258,29.117],[94.246,29.108],[94.225,29.09],[94.215,29.084],[94.206,29.069],[94.185,29.039],[94.175,29.02],[94.172,29.008],[94.173,28.992],[94.167,28.981],[94.158,28.974],[94.155,28.955],[94.136,28.94],[94.12,28.93],[94.079,28.906],[94.067,28.896],[94.044,28.874],[94.03,28.853],[94.015,28.851],[94.003,28.847],[93.995,28.841],[94.0,28.82],[93.986,28.807],[93.985,28.798],[94.002,28.784],[94.001,28.776],[93.99,28.766],[93.978,28.759],[93.969,28.751],[93.965,28.743],[93.966,28.723],[93.957,28.705],[93.944,28.689],[93.935,28.677],[93.926,28.672],[93.92,28.67],[93.904,28.677],[93.865,28.704],[93.844,28.707],[93.836,28.705],[93.819,28.695],[93.785,28.671],[93.775,28.669],[93.761,28.675],[93.747,28.683],[93.732,28.689],[93.7,28.68],[93.686,28.679],[93.669,28.672],[93.639,28.662],[93.607,28.656],[93.561,28.66],[93.534,28.659],[93.524,28.661],[93.52,28.666],[93.518,28.674],[93.509,28.68],[93.496,28.684],[93.484,28.68],[93.479,28.675],[93.474,28.654],[93.467,28.652],[93.457,28.668],[93.446,28.676],[93.43,28.662],[93.412,28.653],[93.39,28.649],[93.37,28.645],[93.362,28.641],[93.351,28.639],[93.337,28.64],[93.332,28.634],[93.33,28.616],[93.328,28.608],[93.32,28.607],[93.3,28.6],[93.298,28.592],[93.303,28.577],[93.305,28.566],[93.297,28.558],[93.289,28.543],[93.276,28.505],[93.254,28.492],[93.235,28.483],[93.229,28.478],[93.214,28.458],[93.208,28.452],[93.183,28.44],[93.181,28.433],[93.19,28.426],[93.226,28.408],[93.232,28.401],[93.222,28.378],[93.219,28.361],[93.223,28.341],[93.219,28.334],[93.207,28.323],[93.194,28.318],[93.18,28.317],[93.155,28.318],[93.136,28.325],[93.125,28.327],[93.112,28.316],[93.095,28.307],[93.087,28.306],[93.072,28.309],[93.046,28.302],[93.024,28.303],[93.022,28.3],[93.034,28.263],[93.02,28.252],[93.01,28.24],[93.0,28.231],[92.995,28.23],[92.99,28.234],[92.986,28.251],[92.974,28.26],[92.965,28.262],[92.956,28.258],[92.942,28.249],[92.923,28.243],[92.913,28.235],[92.905,28.215],[92.895,28.205],[92.84,28.179],[92.83,28.173],[92.821,28.174],[92.818,28.184],[92.819,28.197],[92.816,28.202],[92.808,28.204],[92.8,28.202],[92.783,28.184],[92.737,28.152],[92.721,28.145],[92.705,28.137],[92.687,28.126],[92.68,28.118],[92.667,28.078],[92.661,28.068],[92.663,28.063],[92.681,28.059],[92.695,28.048],[92.71,28.033],[92.721,28.016],[92.728,28.001],[92.739,27.989],[92.73,27.972],[92.714,27.949],[92.701,27.934],[92.686,27.919],[92.669,27.9],[92.652,27.893],[92.62,27.884],[92.605,27.878],[92.586,27.857],[92.576,27.842],[92.561,27.821],[92.554,27.818],[92.544,27.817],[92.515,27.84],[92.501,27.842],[92.493,27.837],[92.477,27.822],[92.467,27.815],[92.455,27.803],[92.444,27.801],[92.427,27.812],[92.414,27.823],[92.398,27.82],[92.383,27.816],[92.38,27.795],[92.364,27.794],[92.35,27.791],[92.316,27.778],[92.307,27.779],[92.285,27.808],[92.277,27.825],[92.267,27.854],[92.255,27.862],[92.246,27.864],[92.234,27.863],[92.2,27.857],[92.171,27.843],[92.156,27.837],[92.12,27.811],[92.099,27.793],[92.085,27.78],[92.055,27.759],[92.049,27.757],[92.038,27.757],[92.0,27.767],[91.984,27.77],[91.973,27.76],[91.966,27.751],[91.956,27.751],[91.945,27.729],[91.934,27.722],[91.919,27.715],[91.908,27.726],[91.902,27.727],[91.879,27.722],[91.87,27.734],[91.861,27.737],[91.858,27.742],[91.851,27.765],[91.845,27.776],[91.833,27.78],[91.829,27.797],[91.828,27.808],[91.824,27.81],[91.815,27.803],[91.811,27.803],[91.804,27.809],[91.789,27.805],[91.771,27.801],[91.758,27.801],[91.746,27.803],[91.71,27.813],[91.694,27.822],[91.68,27.844],[91.669,27.857],[91.662,27.858],[91.642,27.854],[91.627,27.856],[91.622,27.858],[91.607,27.854],[91.594,27.862],[91.584,27.856],[91.577,27.862],[91.57,27.861],[91.564,27.853],[91.559,27.852],[91.553,27.859],[91.544,27.856],[91.546,27.847],[91.556,27.831],[91.56,27.821],[91.565,27.815],[91.573,27.813],[91.584,27.819],[91.599,27.821],[91.615,27.811],[91.628,27.801],[91.63,27.794],[91.631,27.772],[91.64,27.765],[91.64,27.758],[91.63,27.747],[91.629,27.732],[91.623,27.715],[91.624,27.706],[91.616,27.702],[91.61,27.693],[91.602,27.695],[91.596,27.693],[91.598,27.687],[91.592,27.683],[91.59,27.672],[91.567,27.652],[91.558,27.633],[91.563,27.62],[91.576,27.608],[91.577,27.6],[91.562,27.584],[91.567,27.575],[91.581,27.562],[91.594,27.54],[91.605,27.544],[91.609,27.542],[91.616,27.522],[91.621,27.513],[91.628,27.508],[91.639,27.504],[91.644,27.499],[91.647,27.485],[91.653,27.483],[91.674,27.494],[91.684,27.502],[91.69,27.503],[91.7,27.496],[91.711,27.491],[91.714,27.474],[91.72,27.47],[91.733,27.47],[91.742,27.474],[91.757,27.473],[91.763,27.466],[91.774,27.465],[91.789,27.469],[91.809,27.473],[91.828,27.469],[91.849,27.483],[91.863,27.482],[91.872,27.473],[91.891,27.473],[91.899,27.468],[91.909,27.471],[91.923,27.471],[91.939,27.461],[91.955,27.461],[91.965,27.467],[91.979,27.465],[91.989,27.474],[92.011,27.482],[92.019,27.48],[92.02,27.468],[92.017,27.458],[92.019,27.448],[92.024,27.442],[92.039,27.437],[92.044,27.425],[92.042,27.413],[92.054,27.4],[92.046,27.379],[92.048,27.358],[92.06,27.345],[92.059,27.327],[92.067,27.318],[92.078,27.31],[92.103,27.301],[92.117,27.293],[92.121,27.288],[92.119,27.276],[92.11,27.274],[92.102,27.269],[92.095,27.273],[92.083,27.272],[92.078,27.276],[92.07,27.277],[92.049,27.272],[92.04,27.267],[92.04,27.262],[92.05,27.257],[92.052,27.252],[92.066,27.245],[92.07,27.224],[92.067,27.215],[92.057,27.203],[92.056,27.19],[92.051,27.184],[92.041,27.181],[92.025,27.172],[92.023,27.162],[92.024,27.154],[92.028,27.151],[92.036,27.138],[92.022,27.115],[92.022,27.108],[92.028,27.097],[92.028,27.079],[92.036,27.07],[92.034,27.065],[92.042,27.06],[92.045,27.052],[92.064,27.052],[92.077,27.04],[92.08,27.021],[92.088,27.017],[92.097,27.01],[92.103,27.008],[92.102,26.983],[92.104,26.978],[92.113,26.976],[92.117,26.96],[92.112,26.949],[92.117,26.932],[92.109,26.907],[92.108,26.894],[92.099,26.882],[92.097,26.869],[92.089,26.861],[92.082,26.862],[92.055,26.848],[92.046,26.848],[92.017,26.851],[91.994,26.855],[91.986,26.858],[91.973,26.867],[91.96,26.878],[91.954,26.888],[91.942,26.895],[91.897,26.916],[91.883,26.916],[91.858,26.914],[91.853,26.912],[91.832,26.876],[91.817,26.864],[91.802,26.852],[91.775,26.839],[91.759,26.829],[91.727,26.813],[91.719,26.812],[91.697,26.812],[91.687,26.805],[91.679,26.805],[91.654,26.815],[91.632,26.821],[91.624,26.821],[91.612,26.817],[91.6,26.809],[91.591,26.805],[91.56,26.8],[91.511,26.793],[91.493,26.79],[91.478,26.792],[91.455,26.808],[91.437,26.817],[91.408,26.836],[91.402,26.835],[91.38,26.801],[91.373,26.796],[91.36,26.789],[91.336,26.78],[91.295,26.785],[91.277,26.797],[91.262,26.805],[91.237,26.809],[91.202,26.809],[91.18,26.811],[91.13,26.808],[91.106,26.814],[91.097,26.82],[91.089,26.818],[91.076,26.8],[91.054,26.779],[91.041,26.779],[91.014,26.785],[90.996,26.788],[90.976,26.785],[90.927,26.782],[90.897,26.779],[90.871,26.78],[90.848,26.777],[90.802,26.774],[90.762,26.774],[90.741,26.775],[90.734,26.769],[90.723,26.768],[90.7,26.768],[90.682,26.777],[90.679,26.78],[90.67,26.781],[90.649,26.774],[90.637,26.787],[90.63,26.792],[90.602,26.798],[90.581,26.798],[90.564,26.8],[90.554,26.806],[90.549,26.812],[90.539,26.816],[90.529,26.824],[90.483,26.853],[90.454,26.872],[90.422,26.898],[90.41,26.902],[90.364,26.898],[90.355,26.896],[90.349,26.888],[90.346,26.876],[90.341,26.872],[90.312,26.851],[90.302,26.848],[90.29,26.848],[90.262,26.855],[90.244,26.858],[90.226,26.858],[90.215,26.854],[90.195,26.833],[90.183,26.804],[90.189,26.771],[90.146,26.755],[90.128,26.749],[90.068,26.732],[90.055,26.729],[90.045,26.729],[90.02,26.731],[90.002,26.734],[89.985,26.727],[89.958,26.723],[89.921,26.723],[89.889,26.724],[89.862,26.737],[89.858,26.731],[89.86,26.709],[89.857,26.704],[89.855,26.703],[89.832,26.712],[89.821,26.714],[89.807,26.715],[89.798,26.713],[89.791,26.706],[89.777,26.699],[89.771,26.701],[89.767,26.708],[89.758,26.715],[89.755,26.721],[89.758,26.727],[89.759,26.735],[89.753,26.736],[89.744,26.728],[89.733,26.727],[89.726,26.722],[89.72,26.73],[89.708,26.733],[89.703,26.737],[89.691,26.736],[89.67,26.739],[89.667,26.728],[89.659,26.718],[89.655,26.718],[89.642,26.723],[89.634,26.719],[89.614,26.726],[89.616,26.733],[89.628,26.742],[89.642,26.747],[89.647,26.753],[89.649,26.761],[89.655,26.764],[89.654,26.772],[89.64,26.783],[89.635,26.782],[89.627,26.776],[89.618,26.786],[89.611,26.789],[89.594,26.793],[89.567,26.802],[89.563,26.813],[89.559,26.816],[89.546,26.812],[89.538,26.813],[89.528,26.819],[89.517,26.815],[89.511,26.817],[89.506,26.814],[89.504,26.808],[89.496,26.803],[89.48,26.803],[89.459,26.806],[89.451,26.814],[89.453,26.83],[89.448,26.835],[89.438,26.837],[89.428,26.836],[89.409,26.841],[89.39,26.842],[89.388,26.855],[89.384,26.862],[89.372,26.867],[89.36,26.863],[89.338,26.849],[89.328,26.84],[89.324,26.849],[89.32,26.853],[89.312,26.85],[89.307,26.844],[89.29,26.834],[89.269,26.824],[89.265,26.82],[89.252,26.816],[89.236,26.821],[89.214,26.818],[89.19,26.809],[89.185,26.809],[89.179,26.819],[89.173,26.822],[89.161,26.818],[89.149,26.812],[89.134,26.808],[89.129,26.809],[89.121,26.822],[89.113,26.823],[89.109,26.833],[89.102,26.836],[89.1,26.849],[89.104,26.86],[89.098,26.868],[89.09,26.87],[89.088,26.875],[89.095,26.883],[89.095,26.887],[89.086,26.897],[89.061,26.904],[89.049,26.903],[89.046,26.905],[89.048,26.914],[89.046,26.92],[89.031,26.93],[89.027,26.938],[89.021,26.939],[89.016,26.934],[88.994,26.924],[88.985,26.921],[88.971,26.921],[88.962,26.924],[88.941,26.939],[88.941,26.946],[88.955,26.954],[88.954,26.968],[88.947,26.977],[88.93,26.984],[88.919,26.996],[88.911,26.994],[88.902,26.981],[88.894,26.977],[88.889,26.961],[88.875,26.952],[88.873,26.957],[88.871,26.977],[88.87,27.011],[88.875,27.029],[88.879,27.038],[88.872,27.078],[88.873,27.092],[88.87,27.109],[88.859,27.107],[88.849,27.111],[88.843,27.117],[88.836,27.116],[88.826,27.118],[88.811,27.126],[88.8,27.137],[88.785,27.136],[88.766,27.139],[88.751,27.143],[88.752,27.148],[88.761,27.158],[88.758,27.172],[88.766,27.179],[88.785,27.182],[88.789,27.19],[88.79,27.202],[88.795,27.208],[88.801,27.221],[88.8,27.237],[88.801,27.248],[88.819,27.255],[88.824,27.26],[88.835,27.263],[88.843,27.261],[88.864,27.262],[88.872,27.259],[88.883,27.269],[88.899,27.275],[88.907,27.284],[88.911,27.293],[88.909,27.306],[88.914,27.318],[88.922,27.326],[88.912,27.331],[88.89,27.336],[88.885,27.347],[88.883,27.358],[88.879,27.364],[88.867,27.368],[88.865,27.38],[88.857,27.387],[88.847,27.381],[88.838,27.379],[88.831,27.389],[88.825,27.391],[88.817,27.401],[88.809,27.405],[88.803,27.427],[88.797,27.431],[88.794,27.437],[88.795,27.447],[88.788,27.45],[88.783,27.456],[88.781,27.468],[88.786,27.492],[88.783,27.496],[88.789,27.529],[88.78,27.532],[88.775,27.538],[88.767,27.565],[88.768,27.568],[88.782,27.573],[88.786,27.576],[88.787,27.586],[88.794,27.594],[88.805,27.603],[88.808,27.619],[88.806,27.632],[88.81,27.642],[88.822,27.643],[88.832,27.65],[88.847,27.669],[88.844,27.689],[88.846,27.7],[88.841,27.703],[88.839,27.711],[88.85,27.718],[88.854,27.73],[88.862,27.739],[88.861,27.749],[88.855,27.759],[88.852,27.778],[88.857,27.799],[88.857,27.811],[88.856,27.818],[88.873,27.827],[88.881,27.839],[88.882,27.855],[88.886,27.859],[88.881,27.87],[88.88,27.895],[88.87,27.902],[88.859,27.925],[88.836,27.932],[88.836,27.947],[88.844,27.956],[88.84,27.965],[88.841,27.991],[88.835,28.0],[88.833,28.012],[88.829,28.015],[88.808,28.025],[88.799,28.031],[88.796,28.036],[88.787,28.043],[88.782,28.051],[88.751,28.073],[88.74,28.076],[88.714,28.076],[88.704,28.078],[88.695,28.077],[88.686,28.079],[88.677,28.077],[88.673,28.073],[88.667,28.074],[88.654,28.09],[88.645,28.099],[88.638,28.104],[88.633,28.121],[88.621,28.131],[88.607,28.128],[88.612,28.11],[88.616,28.104],[88.596,28.097],[88.588,28.091],[88.575,28.086],[88.567,28.089],[88.554,28.085],[88.552,28.078],[88.552,28.065],[88.543,28.05],[88.541,28.04],[88.533,28.037],[88.522,28.039],[88.517,28.044],[88.501,28.049],[88.49,28.048],[88.482,28.045],[88.472,28.037],[88.462,28.02],[88.451,28.015],[88.427,28.008],[88.412,27.997],[88.402,27.984],[88.389,27.978],[88.382,27.98],[88.364,27.988],[88.351,27.99],[88.338,27.988],[88.329,27.983],[88.316,27.98],[88.305,27.97],[88.294,27.968],[88.28,27.968],[88.272,27.958],[88.259,27.956],[88.244,27.949],[88.235,27.954],[88.233,27.966],[88.223,27.964],[88.21,27.968],[88.203,27.967],[88.2,27.96],[88.195,27.946],[88.189,27.944],[88.174,27.945],[88.154,27.958],[88.139,27.963],[88.133,27.962],[88.124,27.951],[88.129,27.946],[88.129,27.938],[88.117,27.926],[88.114,27.912],[88.119,27.903],[88.126,27.895],[88.13,27.882],[88.138,27.881],[88.142,27.877],[88.151,27.877],[88.157,27.87],[88.167,27.868],[88.175,27.863],[88.181,27.856],[88.199,27.854],[88.204,27.837],[88.197,27.836],[88.19,27.825],[88.176,27.82],[88.188,27.81],[88.19,27.801],[88.2,27.791],[88.198,27.786],[88.184,27.775],[88.186,27.766],[88.179,27.758],[88.181,27.747],[88.172,27.741],[88.161,27.741],[88.157,27.729],[88.158,27.717],[88.152,27.708],[88.151,27.702],[88.157,27.69],[88.151,27.684],[88.147,27.665],[88.14,27.657],[88.134,27.655],[88.123,27.645],[88.123,27.639],[88.12,27.63],[88.116,27.61],[88.108,27.602],[88.095,27.597],[88.087,27.589],[88.078,27.572],[88.084,27.565],[88.079,27.558],[88.072,27.556],[88.071,27.546],[88.063,27.54],[88.064,27.525],[88.06,27.517],[88.064,27.512],[88.057,27.504],[88.049,27.501],[88.047,27.493],[88.047,27.478],[88.059,27.467],[88.063,27.461],[88.07,27.458],[88.068,27.453],[88.075,27.445],[88.071,27.439],[88.081,27.432],[88.083,27.426],[88.07,27.425],[88.053,27.413],[88.048,27.395],[88.048,27.38],[88.044,27.371],[88.053,27.358],[88.06,27.355],[88.069,27.336],[88.063,27.328],[88.055,27.324],[88.051,27.312],[88.044,27.301],[88.047,27.292],[88.041,27.291],[88.034,27.286],[88.036,27.281],[88.033,27.272],[88.033,27.25],[88.022,27.236],[88.021,27.225],[88.017,27.219],[88.018,27.211],[88.014,27.204],[88.018,27.2],[88.016,27.178],[88.022,27.171],[88.014,27.165],[88.014,27.159],[88.01,27.143],[88.003,27.14],[88.001,27.133],[87.994,27.131],[87.99,27.119],[87.994,27.105],[88.005,27.103],[88.014,27.097],[88.023,27.082],[88.019,27.077],[88.025,27.067],[88.03,27.051],[88.038,27.043],[88.04,27.036],[88.048,27.036],[88.061,27.031],[88.062,27.029],[88.072,27.031],[88.08,27.035],[88.086,27.029],[88.086,27.022],[88.091,27.015],[88.091,27.008],[88.102,27.003],[88.113,26.991],[88.121,26.987],[88.137,26.986],[88.126,26.97],[88.126,26.96],[88.123,26.95],[88.131,26.939],[88.14,26.931],[88.149,26.92],[88.139,26.898],[88.154,26.884],[88.159,26.885],[88.164,26.881],[88.169,26.87],[88.174,26.869],[88.177,26.854],[88.17,26.849],[88.173,26.845],[88.17,26.837],[88.177,26.833],[88.175,26.826],[88.182,26.816],[88.18,26.803],[88.188,26.783],[88.19,26.771],[88.189,26.738],[88.185,26.727],[88.185,26.719],[88.18,26.711],[88.17,26.699],[88.17,26.684],[88.167,26.678],[88.168,26.67],[88.166,26.646],[88.161,26.64],[88.157,26.63],[88.145,26.625],[88.142,26.607],[88.132,26.601],[88.134,26.593],[88.13,26.582],[88.133,26.573],[88.123,26.575],[88.122,26.568],[88.113,26.562],[88.108,26.561],[88.108,26.55],[88.114,26.545],[88.105,26.539],[88.106,26.536],[88.107,26.528],[88.106,26.518],[88.098,26.516],[88.101,26.505],[88.103,26.494],[88.108,26.489],[88.103,26.479],[88.109,26.476],[88.106,26.467],[88.094,26.463],[88.099,26.452],[88.097,26.437],[88.088,26.43],[88.081,26.42],[88.072,26.413],[88.059,26.406],[88.058,26.4],[88.04,26.393],[88.03,26.382],[88.032,26.376],[88.03,26.369],[88.033,26.365],[88.01,26.361],[88.005,26.366],[88.0,26.365],[87.995,26.369],[87.994,26.392],[87.968,26.397],[87.935,26.418],[87.929,26.418],[87.929,26.427],[87.919,26.431],[87.92,26.435],[87.928,26.44],[87.927,26.446],[87.901,26.448],[87.912,26.457],[87.903,26.477],[87.891,26.486],[87.888,26.476],[87.866,26.468],[87.861,26.463],[87.861,26.456],[87.864,26.45],[87.854,26.445],[87.851,26.436],[87.831,26.44],[87.832,26.45],[87.82,26.459],[87.795,26.469],[87.779,26.447],[87.775,26.436],[87.78,26.436],[87.776,26.419],[87.771,26.418],[87.769,26.412],[87.756,26.408],[87.75,26.419],[87.742,26.417],[87.736,26.408],[87.725,26.412],[87.725,26.419],[87.716,26.423],[87.712,26.427],[87.701,26.428],[87.695,26.435],[87.68,26.435],[87.681,26.415],[87.653,26.406],[87.654,26.393],[87.631,26.394],[87.615,26.39],[87.608,26.381],[87.59,26.382],[87.59,26.392],[87.574,26.397],[87.555,26.405],[87.55,26.418],[87.539,26.421],[87.519,26.431],[87.498,26.435],[87.469,26.44],[87.446,26.433],[87.43,26.422],[87.422,26.422],[87.391,26.419],[87.379,26.407],[87.371,26.408],[87.359,26.388],[87.356,26.372],[87.361,26.361],[87.35,26.351],[87.343,26.348],[87.324,26.36],[87.316,26.367],[87.315,26.371],[87.304,26.366],[87.292,26.373],[87.275,26.372],[87.268,26.374],[87.267,26.386],[87.269,26.405],[87.259,26.411],[87.253,26.409],[87.248,26.414],[87.231,26.413],[87.226,26.406],[87.214,26.409],[87.214,26.413],[87.189,26.414],[87.191,26.405],[87.173,26.403],[87.165,26.404],[87.142,26.415],[87.094,26.45],[87.082,26.523],[87.078,26.537],[87.075,26.542],[87.076,26.577],[87.074,26.585],[87.047,26.587],[87.045,26.568],[87.023,26.54],[87.018,26.532],[86.993,26.523],[86.982,26.525],[86.978,26.52],[86.964,26.523],[86.962,26.52],[86.949,26.521],[86.947,26.517],[86.935,26.516],[86.931,26.496],[86.932,26.489],[86.896,26.487],[86.893,26.481],[86.898,26.467],[86.896,26.462],[86.887,26.461],[86.875,26.454],[86.863,26.457],[86.858,26.448],[86.848,26.448],[86.845,26.44],[86.836,26.439],[86.803,26.447],[86.772,26.459],[86.768,26.458],[86.763,26.448],[86.756,26.446],[86.75,26.436],[86.749,26.428],[86.739,26.423],[86.728,26.425],[86.723,26.435],[86.702,26.437],[86.698,26.448],[86.634,26.466],[86.629,26.469],[86.628,26.481],[86.622,26.484],[86.59,26.493],[86.573,26.497],[86.567,26.501],[86.563,26.509],[86.554,26.523],[86.553,26.53],[86.544,26.538],[86.524,26.543],[86.518,26.539],[86.501,26.542],[86.458,26.568],[86.433,26.573],[86.397,26.585],[86.396,26.594],[86.359,26.604],[86.343,26.606],[86.341,26.608],[86.347,26.616],[86.329,26.619],[86.31,26.62],[86.295,26.613],[86.278,26.617],[86.255,26.616],[86.246,26.608],[86.233,26.592],[86.22,26.588],[86.208,26.596],[86.199,26.593],[86.198,26.608],[86.195,26.614],[86.185,26.613],[86.174,26.617],[86.164,26.615],[86.157,26.61],[86.149,26.608],[86.145,26.605],[86.138,26.606],[86.143,26.616],[86.141,26.629],[86.12,26.63],[86.076,26.65],[86.072,26.657],[86.057,26.66],[86.031,26.666],[86.021,26.661],[86.002,26.655],[85.978,26.658],[85.959,26.649],[85.955,26.637],[85.958,26.629],[85.948,26.621],[85.95,26.613],[85.94,26.616],[85.929,26.61],[85.916,26.609],[85.904,26.6],[85.903,26.595],[85.893,26.595],[85.889,26.582],[85.881,26.583],[85.861,26.569],[85.852,26.568],[85.851,26.577],[85.86,26.59],[85.853,26.61],[85.834,26.611],[85.833,26.601],[85.82,26.603],[85.806,26.615],[85.802,26.624],[85.772,26.63],[85.762,26.636],[85.749,26.64],[85.735,26.654],[85.739,26.664],[85.733,26.666],[85.726,26.674],[85.728,26.685],[85.726,26.699],[85.728,26.719],[85.732,26.735],[85.736,26.737],[85.731,26.75],[85.737,26.778],[85.737,26.796],[85.731,26.803],[85.731,26.808],[85.723,26.82],[85.705,26.833],[85.683,26.843],[85.645,26.853],[85.637,26.872],[85.626,26.873],[85.609,26.857],[85.588,26.847],[85.589,26.852],[85.585,26.858],[85.578,26.861],[85.574,26.857],[85.568,26.841],[85.56,26.844],[85.556,26.834],[85.545,26.838],[85.522,26.814],[85.511,26.816],[85.5,26.812],[85.498,26.798],[85.482,26.802],[85.48,26.793],[85.475,26.79],[85.466,26.789],[85.455,26.782],[85.435,26.79],[85.427,26.786],[85.419,26.79],[85.41,26.791],[85.405,26.783],[85.394,26.775],[85.386,26.774],[85.377,26.761],[85.372,26.758],[85.364,26.763],[85.357,26.76],[85.336,26.741],[85.325,26.745],[85.32,26.749],[85.306,26.753],[85.303,26.752],[85.263,26.755],[85.255,26.761],[85.251,26.76],[85.234,26.763],[85.216,26.758],[85.208,26.761],[85.2,26.769],[85.195,26.779],[85.197,26.785],[85.191,26.794],[85.184,26.799],[85.18,26.808],[85.179,26.815],[85.188,26.821],[85.193,26.83],[85.196,26.842],[85.193,26.85],[85.195,26.863],[85.191,26.87],[85.168,26.868],[85.143,26.871],[85.136,26.868],[85.123,26.871],[85.113,26.872],[85.102,26.871],[85.098,26.867],[85.092,26.869],[85.088,26.865],[85.092,26.86],[85.087,26.855],[85.079,26.857],[85.059,26.852],[85.046,26.851],[85.024,26.855],[85.031,26.859],[85.029,26.866],[85.032,26.875],[85.042,26.875],[85.057,26.881],[85.062,26.885],[85.046,26.891],[85.025,26.891],[85.006,26.895],[84.995,26.902],[85.003,26.906],[85.002,26.912],[84.973,26.917],[84.972,26.929],[84.979,26.932],[84.981,26.94],[84.968,26.957],[84.964,26.96],[84.956,26.959],[84.932,26.969],[84.913,26.968],[84.901,26.97],[84.891,26.977],[84.874,26.982],[84.861,26.988],[84.86,26.997],[84.854,26.999],[84.857,27.008],[84.839,27.014],[84.832,27.019],[84.82,27.02],[84.813,27.015],[84.81,27.008],[84.801,27.003],[84.796,26.996],[84.789,26.998],[84.791,27.009],[84.785,27.014],[84.775,27.018],[84.766,27.013],[84.763,27.005],[84.759,27.003],[84.732,27.015],[84.725,27.013],[84.716,27.021],[84.712,27.021],[84.704,27.027],[84.684,27.031],[84.661,27.04],[84.645,27.047],[84.648,27.051],[84.645,27.059],[84.65,27.071],[84.648,27.075],[84.668,27.087],[84.672,27.098],[84.678,27.103],[84.672,27.11],[84.679,27.115],[84.678,27.123],[84.686,27.143],[84.684,27.159],[84.679,27.162],[84.678,27.17],[84.687,27.18],[84.683,27.184],[84.686,27.196],[84.683,27.2],[84.693,27.215],[84.692,27.222],[84.684,27.236],[84.645,27.306],[84.624,27.336],[84.611,27.336],[84.589,27.341],[84.567,27.347],[84.536,27.35],[84.523,27.354],[84.513,27.354],[84.488,27.358],[84.478,27.362],[84.472,27.355],[84.46,27.362],[84.448,27.364],[84.443,27.37],[84.426,27.372],[84.423,27.37],[84.408,27.37],[84.394,27.368],[84.39,27.372],[84.375,27.376],[84.361,27.373],[84.349,27.375],[84.331,27.38],[84.32,27.382],[84.303,27.39],[84.293,27.385],[84.285,27.396],[84.278,27.401],[84.281,27.406],[84.28,27.415],[84.276,27.421],[84.275,27.429],[84.261,27.439],[84.262,27.446],[84.256,27.452],[84.246,27.455],[84.241,27.452],[84.234,27.456],[84.223,27.447],[84.222,27.44],[84.211,27.442],[84.21,27.456],[84.206,27.459],[84.211,27.465],[84.208,27.469],[84.197,27.473],[84.191,27.472],[84.174,27.476],[84.166,27.484],[84.151,27.486],[84.148,27.496],[84.151,27.504],[84.153,27.517],[84.141,27.518],[84.132,27.512],[84.12,27.514],[84.119,27.519],[84.111,27.522],[84.1,27.517],[84.102,27.51],[84.098,27.489],[84.086,27.483],[84.08,27.484],[84.071,27.479],[84.069,27.469],[84.064,27.467],[84.064,27.456],[84.057,27.449],[84.054,27.443],[84.046,27.443],[84.028,27.438],[84.025,27.433],[84.014,27.439],[83.994,27.444],[83.975,27.442],[83.968,27.446],[83.965,27.444],[83.948,27.441],[83.944,27.448],[83.933,27.449],[83.915,27.441],[83.883,27.435],[83.87,27.429],[83.869,27.425],[83.874,27.412],[83.878,27.406],[83.875,27.392],[83.907,27.39],[83.908,27.384],[83.906,27.376],[83.894,27.368],[83.89,27.358],[83.874,27.352],[83.865,27.346],[83.859,27.351],[83.833,27.37],[83.747,27.409],[83.709,27.427],[83.668,27.447],[83.617,27.469],[83.482,27.475],[83.391,27.479],[83.394,27.476],[83.404,27.457],[83.398,27.446],[83.386,27.442],[83.387,27.435],[83.394,27.43],[83.395,27.425],[83.409,27.415],[83.408,27.405],[83.398,27.396],[83.387,27.39],[83.39,27.376],[83.385,27.371],[83.377,27.37],[83.376,27.36],[83.36,27.35],[83.355,27.34],[83.345,27.335],[83.334,27.332],[83.327,27.337],[83.318,27.333],[83.297,27.334],[83.275,27.353],[83.268,27.365],[83.274,27.383],[83.242,27.406],[83.228,27.412],[83.212,27.424],[83.198,27.446],[83.19,27.454],[83.167,27.458],[83.077,27.453],[83.071,27.451],[83.036,27.449],[83.025,27.452],[83.0,27.458],[82.963,27.466],[82.956,27.468],[82.947,27.477],[82.942,27.491],[82.932,27.501],[82.895,27.501],[82.872,27.498],[82.85,27.499],[82.837,27.502],[82.804,27.496],[82.787,27.5],[82.76,27.501],[82.737,27.503],[82.74,27.518],[82.751,27.523],[82.744,27.532],[82.745,27.543],[82.74,27.547],[82.746,27.561],[82.753,27.565],[82.75,27.572],[82.757,27.588],[82.747,27.595],[82.747,27.6],[82.738,27.611],[82.735,27.619],[82.739,27.622],[82.736,27.628],[82.74,27.632],[82.74,27.641],[82.728,27.658],[82.716,27.662],[82.718,27.668],[82.717,27.681],[82.72,27.687],[82.712,27.695],[82.708,27.703],[82.707,27.716],[82.701,27.722],[82.691,27.715],[82.683,27.714],[82.668,27.715],[82.666,27.722],[82.657,27.713],[82.64,27.709],[82.63,27.709],[82.621,27.702],[82.607,27.706],[82.602,27.704],[82.596,27.697],[82.587,27.698],[82.564,27.692],[82.556,27.688],[82.543,27.686],[82.533,27.686],[82.518,27.69],[82.492,27.681],[82.484,27.683],[82.475,27.676],[82.451,27.679],[82.439,27.685],[82.429,27.688],[82.415,27.698],[82.404,27.703],[82.384,27.72],[82.369,27.742],[82.338,27.755],[82.305,27.773],[82.255,27.81],[82.232,27.821],[82.21,27.843],[82.179,27.855],[82.156,27.866],[82.152,27.858],[82.141,27.86],[82.125,27.865],[82.116,27.877],[82.103,27.886],[82.093,27.895],[82.092,27.899],[82.082,27.909],[82.073,27.923],[82.064,27.922],[82.047,27.924],[82.027,27.925],[81.993,27.929],[81.97,27.929],[81.964,27.923],[81.961,27.916],[81.953,27.91],[81.95,27.903],[81.94,27.894],[81.94,27.888],[81.932,27.883],[81.927,27.875],[81.928,27.86],[81.904,27.854],[81.887,27.857],[81.875,27.869],[81.849,27.887],[81.842,27.891],[81.835,27.897],[81.825,27.903],[81.815,27.904],[81.807,27.903],[81.757,27.943],[81.704,27.987],[81.695,27.989],[81.645,27.994],[81.629,28.002],[81.619,28.01],[81.588,28.025],[81.549,28.049],[81.508,28.07],[81.48,28.083],[81.482,28.11],[81.486,28.118],[81.469,28.127],[81.452,28.141],[81.452,28.151],[81.449,28.16],[81.428,28.171],[81.412,28.175],[81.392,28.174],[81.377,28.177],[81.369,28.166],[81.37,28.161],[81.379,28.159],[81.378,28.15],[81.373,28.142],[81.344,28.14],[81.336,28.14],[81.32,28.133],[81.317,28.137],[81.32,28.145],[81.33,28.148],[81.322,28.16],[81.312,28.156],[81.311,28.161],[81.305,28.163],[81.306,28.168],[81.323,28.169],[81.326,28.175],[81.32,28.182],[81.322,28.197],[81.301,28.22],[81.294,28.223],[81.282,28.235],[81.235,28.289],[81.236,28.325],[81.221,28.345],[81.212,28.361],[81.15,28.371],[81.091,28.382],[81.082,28.385],[81.048,28.41],[81.037,28.413],[81.034,28.399],[81.019,28.416],[81.036,28.428],[81.031,28.438],[81.021,28.432],[81.015,28.438],[81.019,28.452],[81.001,28.454],[80.991,28.442],[80.98,28.443],[80.981,28.434],[80.967,28.438],[80.967,28.445],[80.982,28.455],[80.969,28.457],[80.966,28.45],[80.953,28.447],[80.953,28.456],[80.947,28.455],[80.934,28.459],[80.947,28.466],[80.944,28.468],[80.934,28.463],[80.933,28.458],[80.919,28.46],[80.907,28.466],[80.903,28.486],[80.909,28.49],[80.91,28.498],[80.902,28.5],[80.898,28.506],[80.878,28.51],[80.863,28.504],[80.867,28.489],[80.857,28.497],[80.846,28.495],[80.845,28.5],[80.832,28.512],[80.817,28.521],[80.801,28.521],[80.791,28.524],[80.786,28.529],[80.792,28.544],[80.771,28.55],[80.77,28.566],[80.74,28.574],[80.74,28.566],[80.726,28.575],[80.716,28.568],[80.706,28.579],[80.692,28.587],[80.697,28.603],[80.679,28.604],[80.681,28.62],[80.672,28.628],[80.669,28.642],[80.653,28.634],[80.643,28.643],[80.635,28.637],[80.613,28.639],[80.608,28.652],[80.591,28.648],[80.599,28.656],[80.582,28.661],[80.592,28.68],[80.57,28.688],[80.552,28.692],[80.542,28.691],[80.508,28.671],[80.505,28.665],[80.508,28.646],[80.513,28.624],[80.517,28.616],[80.523,28.577],[80.532,28.573],[80.524,28.553],[80.517,28.557],[80.508,28.568],[80.501,28.57],[80.497,28.575],[80.483,28.585],[80.473,28.585],[80.473,28.591],[80.468,28.601],[80.463,28.621],[80.453,28.629],[80.444,28.628],[80.439,28.635],[80.416,28.639],[80.406,28.635],[80.388,28.63],[80.373,28.629],[80.37,28.635],[80.364,28.635],[80.359,28.641],[80.362,28.645],[80.339,28.661],[80.328,28.666],[80.323,28.681],[80.322,28.695],[80.319,28.7],[80.31,28.705],[80.301,28.706],[80.295,28.711],[80.279,28.71],[80.268,28.721],[80.258,28.729],[80.263,28.733],[80.267,28.744],[80.264,28.749],[80.252,28.758],[80.247,28.756],[80.236,28.759],[80.218,28.755],[80.173,28.782],[80.14,28.814],[80.12,28.829],[80.077,28.824],[80.072,28.83],[80.066,28.837],[80.06,28.916],[80.098,28.975],[80.102,28.986],[80.12,28.982],[80.129,29.006],[80.126,29.013],[80.133,29.03],[80.128,29.032],[80.138,29.059],[80.13,29.061],[80.146,29.103],[80.166,29.117],[80.17,29.126],[80.18,29.129],[80.186,29.137],[80.196,29.132],[80.205,29.129],[80.211,29.122],[80.235,29.118],[80.251,29.129],[80.256,29.138],[80.271,29.141],[80.274,29.145],[80.267,29.153],[80.26,29.166],[80.262,29.175],[80.26,29.187],[80.242,29.203],[80.25,29.221],[80.259,29.218],[80.263,29.207],[80.277,29.207],[80.286,29.197],[80.295,29.198],[80.299,29.205],[80.296,29.211],[80.298,29.221],[80.292,29.232],[80.302,29.242],[80.3,29.25],[80.301,29.262],[80.306,29.273],[80.306,29.285],[80.313,29.292],[80.32,29.302],[80.318,29.316],[80.311,29.322],[80.299,29.324],[80.293,29.33],[80.292,29.337],[80.281,29.348],[80.281,29.36],[80.273,29.364],[80.274,29.375],[80.281,29.379],[80.275,29.386],[80.277,29.392],[80.266,29.397],[80.243,29.412],[80.248,29.416],[80.246,29.424],[80.249,29.437],[80.245,29.441],[80.248,29.447],[80.257,29.448],[80.26,29.452],[80.269,29.448],[80.282,29.458],[80.282,29.451],[80.29,29.45],[80.295,29.453],[80.304,29.453],[80.29,29.472],[80.288,29.477],[80.295,29.479],[80.298,29.488],[80.315,29.485],[80.315,29.498],[80.33,29.505],[80.335,29.513],[80.342,29.51],[80.351,29.519],[80.35,29.524],[80.358,29.53],[80.359,29.534],[80.351,29.54],[80.343,29.542],[80.351,29.555],[80.366,29.557],[80.365,29.564],[80.381,29.561],[80.381,29.572],[80.39,29.572],[80.393,29.582],[80.405,29.59],[80.409,29.595],[80.411,29.605],[80.407,29.613],[80.413,29.625],[80.423,29.63],[80.422,29.639],[80.416,29.644],[80.418,29.651],[80.412,29.654],[80.408,29.66],[80.392,29.665],[80.392,29.671],[80.386,29.675],[80.386,29.686],[80.382,29.689],[80.382,29.701],[80.379,29.703],[80.37,29.722],[80.368,29.73],[80.371,29.734],[80.366,29.74],[80.37,29.751],[80.374,29.749],[80.387,29.75],[80.387,29.759],[80.398,29.763],[80.402,29.774],[80.409,29.784],[80.409,29.792],[80.418,29.796],[80.431,29.798],[80.438,29.806],[80.443,29.8],[80.449,29.799],[80.456,29.802],[80.466,29.802],[80.478,29.798],[80.494,29.795],[80.499,29.811],[80.509,29.823],[80.523,29.827],[80.526,29.832],[80.533,29.838],[80.538,29.839],[80.541,29.847],[80.545,29.846],[80.555,29.853],[80.556,29.862],[80.563,29.866],[80.559,29.871],[80.568,29.879],[80.574,29.894],[80.571,29.909],[80.576,29.923],[80.581,29.933],[80.592,29.948],[80.605,29.959],[80.613,29.959],[80.623,29.964],[80.638,29.964],[80.65,29.956],[80.658,29.955],[80.678,29.958],[80.684,29.963],[80.692,29.974],[80.702,29.98],[80.706,29.986],[80.714,29.99],[80.721,30.0],[80.74,30.0],[80.749,30.007],[80.76,30.028],[80.757,30.039],[80.763,30.049],[80.781,30.057],[80.797,30.078],[80.808,30.09],[80.816,30.093],[80.823,30.1],[80.832,30.097],[80.839,30.098],[80.847,30.102],[80.844,30.11],[80.847,30.116],[80.864,30.121],[80.876,30.126],[80.88,30.132],[80.873,30.153],[80.873,30.161],[80.865,30.169],[80.87,30.176],[80.882,30.181],[80.887,30.188],[80.886,30.194],[80.896,30.206],[80.899,30.212],[80.904,30.214],[80.912,30.223],[80.917,30.225],[80.929,30.236],[80.937,30.235],[80.961,30.238],[80.978,30.238],[80.99,30.247],[81.0,30.245],[81.007,30.241],[81.019,30.237],[81.02,30.251],[81.017,30.257],[81.011,30.263],[80.994,30.27],[80.967,30.276],[80.941,30.284],[80.917,30.288],[80.896,30.294],[80.883,30.3],[80.866,30.304],[80.846,30.307],[80.827,30.313],[80.811,30.32],[80.782,30.338],[80.772,30.348],[80.759,30.375],[80.749,30.388],[80.731,30.402],[80.7,30.418],[80.661,30.446],[80.649,30.445],[80.638,30.45],[80.629,30.46],[80.594,30.482],[80.577,30.49],[80.566,30.489],[80.561,30.476],[80.556,30.467],[80.544,30.463],[80.539,30.465],[80.531,30.461],[80.526,30.454],[80.514,30.461],[80.504,30.47],[80.494,30.486],[80.485,30.49],[80.457,30.494],[80.424,30.506],[80.417,30.51],[80.409,30.519],[80.406,30.526],[80.401,30.531],[80.391,30.53],[80.381,30.524],[80.368,30.527],[80.346,30.538],[80.316,30.554],[80.306,30.568],[80.295,30.569],[80.278,30.574],[80.268,30.574],[80.257,30.568],[80.252,30.575],[80.248,30.569],[80.24,30.565],[80.23,30.573],[80.211,30.582],[80.206,30.597],[80.206,30.602],[80.212,30.608],[80.211,30.615],[80.2,30.619],[80.199,30.628],[80.208,30.637],[80.209,30.645],[80.2,30.655],[80.188,30.661],[80.18,30.67],[80.183,30.68],[80.199,30.69],[80.21,30.691],[80.22,30.697],[80.224,30.715],[80.231,30.723],[80.237,30.741],[80.228,30.758],[80.223,30.765],[80.218,30.767],[80.211,30.764],[80.207,30.758],[80.19,30.764],[80.186,30.77],[80.185,30.787],[80.181,30.789],[80.167,30.807],[80.159,30.812],[80.148,30.813],[80.14,30.811],[80.138,30.796],[80.126,30.794],[80.113,30.781],[80.103,30.78],[80.088,30.79],[80.083,30.795],[80.074,30.8],[80.069,30.819],[80.064,30.825],[80.05,30.833],[80.044,30.844],[80.025,30.844],[80.009,30.854],[79.995,30.867],[79.988,30.87],[79.968,30.882],[79.942,30.892],[79.934,30.893],[79.921,30.891],[79.915,30.892],[79.906,30.91],[79.898,30.922],[79.88,30.925],[79.875,30.93],[79.875,30.939],[79.866,30.961],[79.859,30.975],[79.855,30.979],[79.841,30.981],[79.83,30.984],[79.823,30.983],[79.809,30.977],[79.805,30.978],[79.792,30.984],[79.76,30.993],[79.751,30.999],[79.746,31.006],[79.738,31.006],[79.733,31.002],[79.725,30.991],[79.714,30.986],[79.696,30.982],[79.671,30.984],[79.663,30.987],[79.654,30.986],[79.65,30.98],[79.649,30.971],[79.643,30.968],[79.624,30.965],[79.616,30.962],[79.604,30.953],[79.594,30.948],[79.59,30.943],[79.585,30.944],[79.576,30.954],[79.56,30.957],[79.542,30.965],[79.531,30.974],[79.533,30.983],[79.538,30.991],[79.519,30.993],[79.522,31.008],[79.516,31.016],[79.505,31.023],[79.503,31.028],[79.503,31.038],[79.497,31.041],[79.487,31.041],[79.48,31.038],[79.466,31.041],[79.457,31.04],[79.433,31.038],[79.422,31.036],[79.413,31.038],[79.409,31.056],[79.408,31.073],[79.406,31.077],[79.391,31.082],[79.39,31.099],[79.382,31.118],[79.377,31.121],[79.361,31.12],[79.354,31.122],[79.345,31.127],[79.325,31.13],[79.323,31.135],[79.312,31.139],[79.3,31.149],[79.296,31.157],[79.285,31.17],[79.282,31.181],[79.288,31.188],[79.288,31.196],[79.273,31.231],[79.263,31.245],[79.243,31.247],[79.234,31.254],[79.234,31.269],[79.237,31.276],[79.246,31.284],[79.25,31.29],[79.248,31.297],[79.226,31.314],[79.221,31.32],[79.222,31.337],[79.212,31.345],[79.198,31.352],[79.188,31.36],[79.178,31.372],[79.163,31.399],[79.149,31.411],[79.136,31.43],[79.129,31.439],[79.1,31.448],[79.089,31.455],[79.076,31.458],[79.066,31.464],[79.057,31.472],[79.048,31.47],[79.037,31.457],[79.034,31.445],[79.034,31.428],[79.022,31.415],[79.016,31.411],[79.007,31.401],[78.995,31.379],[78.993,31.368],[78.99,31.362],[78.981,31.357],[78.961,31.352],[78.937,31.342],[78.93,31.338],[78.923,31.325],[78.925,31.314],[78.924,31.301],[78.916,31.287],[78.917,31.267],[78.913,31.261],[78.907,31.259],[78.885,31.266],[78.88,31.271],[78.867,31.301],[78.858,31.313],[78.848,31.322],[78.838,31.329],[78.829,31.33],[78.832,31.339],[78.838,31.345],[78.84,31.354],[78.834,31.372],[78.827,31.381],[78.808,31.392],[78.776,31.402],[78.776,31.407],[78.792,31.418],[78.796,31.431],[78.797,31.445],[78.795,31.453],[78.78,31.462],[78.771,31.469],[78.761,31.475],[78.755,31.481],[78.752,31.489],[78.744,31.49],[78.724,31.486],[78.716,31.487],[78.715,31.508],[78.708,31.515],[78.707,31.521],[78.717,31.53],[78.721,31.541],[78.73,31.544],[78.75,31.549],[78.758,31.554],[78.768,31.566],[78.797,31.576],[78.823,31.601],[78.831,31.615],[78.827,31.628],[78.817,31.636],[78.809,31.64],[78.795,31.649],[78.784,31.661],[78.781,31.673],[78.78,31.69],[78.765,31.686],[78.748,31.685],[78.734,31.692],[78.729,31.702],[78.726,31.718],[78.721,31.73],[78.714,31.737],[78.712,31.745],[78.725,31.764],[78.703,31.77],[78.696,31.779],[78.691,31.793],[78.691,31.807],[78.693,31.814],[78.701,31.826],[78.721,31.835],[78.723,31.847],[78.725,31.885],[78.732,31.898],[78.733,31.913],[78.745,31.925],[78.753,31.94],[78.761,31.964],[78.771,32.0],[78.751,32.004],[78.737,32.004],[78.73,32.009],[78.725,32.018],[78.712,32.029],[78.696,32.04],[78.69,32.046],[78.686,32.058],[78.674,32.069],[78.661,32.078],[78.652,32.088],[78.648,32.107],[78.64,32.112],[78.629,32.115],[78.606,32.117],[78.596,32.123],[78.594,32.136],[78.588,32.147],[78.574,32.159],[78.577,32.165],[78.589,32.172],[78.594,32.182],[78.594,32.188],[78.591,32.204],[78.595,32.211],[78.593,32.219],[78.574,32.231],[78.543,32.249],[78.524,32.25],[78.506,32.248],[78.502,32.246],[78.483,32.243],[78.464,32.246],[78.439,32.246],[78.442,32.252],[78.458,32.269],[78.464,32.278],[78.467,32.292],[78.465,32.321],[78.461,32.337],[78.463,32.35],[78.468,32.358],[78.483,32.366],[78.494,32.377],[78.496,32.391],[78.502,32.401],[78.517,32.412],[78.519,32.418],[78.512,32.424],[78.503,32.426],[78.484,32.425],[78.478,32.426],[78.469,32.442],[78.462,32.448],[78.438,32.456],[78.435,32.463],[78.437,32.471],[78.446,32.482],[78.449,32.49],[78.445,32.498],[78.432,32.51],[78.426,32.512],[78.411,32.512],[78.417,32.515],[78.405,32.525],[78.404,32.539],[78.412,32.556],[78.438,32.568],[78.453,32.58],[78.462,32.58],[78.472,32.578],[78.48,32.573],[78.486,32.573],[78.509,32.595],[78.526,32.606],[78.545,32.612],[78.559,32.612],[78.587,32.608],[78.603,32.604],[78.626,32.607],[78.632,32.611],[78.654,32.649],[78.664,32.656],[78.717,32.681],[78.736,32.696],[78.746,32.696],[78.76,32.684],[78.764,32.678],[78.768,32.663],[78.771,32.636],[78.78,32.598],[78.776,32.588],[78.765,32.575],[78.764,32.568],[78.766,32.558],[78.773,32.544],[78.776,32.52],[78.775,32.491],[78.781,32.475],[78.798,32.463],[78.818,32.439],[78.836,32.425],[78.857,32.419],[78.867,32.419],[78.875,32.415],[78.888,32.392],[78.9,32.384],[78.915,32.367],[78.971,32.344],[78.977,32.343],[78.983,32.346],[78.994,32.364],[79.025,32.367],[79.049,32.383],[79.06,32.386],[79.068,32.385],[79.092,32.369],[79.104,32.372],[79.109,32.383],[79.112,32.399],[79.121,32.416],[79.122,32.423],[79.118,32.45],[79.127,32.464],[79.149,32.484],[79.203,32.511],[79.248,32.522],[79.258,32.523],[79.27,32.518],[79.297,32.489],[79.312,32.487],[79.32,32.491],[79.347,32.527],[79.362,32.538],[79.404,32.558],[79.43,32.577],[79.448,32.586],[79.464,32.593],[79.485,32.593],[79.509,32.591],[79.522,32.595],[79.545,32.607],[79.554,32.62],[79.558,32.631],[79.564,32.671],[79.555,32.71],[79.541,32.749],[79.527,32.768],[79.515,32.775],[79.484,32.79],[79.471,32.803],[79.465,32.817],[79.457,32.871],[79.454,32.88],[79.449,32.889],[79.435,32.9],[79.432,32.905],[79.419,32.911],[79.387,32.933],[79.365,32.957],[79.352,32.979],[79.35,32.996],[79.352,33.018],[79.355,33.031],[79.366,33.06],[79.372,33.067],[79.374,33.073],[79.391,33.103],[79.397,33.109],[79.399,33.115],[79.411,33.136],[79.418,33.155],[79.417,33.167],[79.41,33.179],[79.399,33.187],[79.394,33.189],[79.377,33.19],[79.315,33.189],[79.212,33.195],[79.185,33.191],[79.18,33.195],[79.141,33.2],[79.128,33.205],[79.075,33.229],[79.067,33.25],[79.066,33.264],[79.073,33.284],[79.067,33.296],[79.034,33.314],[79.02,33.331],[79.004,33.336],[78.989,33.347],[78.973,33.367],[78.955,33.374],[78.941,33.39],[78.921,33.399],[78.876,33.437],[78.87,33.44],[78.823,33.483],[78.804,33.507],[78.791,33.525],[78.784,33.533],[78.763,33.563],[78.73,33.618],[78.711,33.655],[78.707,33.669],[78.709,33.68],[78.732,33.704],[78.762,33.731],[78.775,33.746],[78.784,33.77],[78.781,33.789],[78.775,33.801],[78.742,33.84],[78.726,33.871],[78.717,33.89],[78.712,33.923],[78.717,33.939],[78.714,33.959],[78.716,33.965],[78.728,33.977],[78.764,34.002],[78.77,34.02],[78.766,34.033],[78.761,34.036],[78.732,34.043],[78.712,34.05],[78.706,34.059],[78.706,34.072],[78.713,34.081],[78.729,34.096],[78.759,34.111],[78.774,34.115],[78.871,34.157],[78.889,34.166],[78.91,34.181],[78.942,34.205],[78.956,34.218],[78.975,34.243],[78.993,34.289],[78.994,34.303],[78.99,34.318],[78.981,34.333],[78.977,34.334],[78.969,34.342],[78.961,34.346],[78.923,34.375],[78.892,34.39],[78.838,34.407],[78.825,34.414],[78.763,34.46],[78.753,34.47],[78.749,34.477],[78.738,34.49],[78.73,34.497],[78.696,34.508],[78.681,34.516],[78.66,34.53],[78.644,34.548],[78.638,34.552],[78.621,34.574],[78.611,34.583],[78.569,34.612],[78.558,34.615],[78.537,34.614],[78.482,34.603],[78.443,34.602],[78.425,34.603],[78.418,34.605],[78.409,34.613],[78.407,34.621],[78.407,34.637],[78.405,34.644],[78.398,34.649],[78.387,34.652],[78.325,34.656],[78.317,34.659],[78.3,34.662],[78.284,34.667],[78.266,34.679],[78.248,34.695],[78.232,34.717],[78.221,34.734],[78.207,34.766],[78.185,34.882],[78.174,34.906],[78.167,34.912],[78.133,34.971],[78.115,35.015],[78.083,35.082],[78.084,35.091],[78.088,35.096],[78.098,35.098],[78.117,35.112],[78.124,35.122],[78.126,35.129],[78.124,35.135],[78.116,35.145],[78.078,35.172],[78.069,35.176],[78.058,35.185],[78.043,35.202],[78.032,35.22],[78.018,35.25],[78.006,35.29],[78.002,35.295],[77.994,35.345],[77.992,35.349],[77.99,35.364],[77.99,35.379],[77.997,35.394],[78.021,35.417],[78.069,35.443],[78.072,35.447],[78.08,35.448],[78.097,35.456],[78.108,35.465],[78.111,35.473],[78.104,35.484],[78.094,35.489],[78.079,35.492],[78.02,35.49],[77.991,35.487],[77.962,35.48],[77.951,35.474],[77.928,35.441],[77.921,35.435],[77.903,35.428],[77.889,35.429],[77.879,35.436],[77.863,35.459],[77.847,35.501],[77.824,35.501],[77.815,35.485],[77.76,35.451],[77.736,35.434],[77.651,35.367],[77.585,35.324],[77.485,35.267],[77.443,35.234],[77.384,35.199],[77.379,35.198],[77.301,35.148],[77.281,35.138],[77.195,35.079],[77.157,35.055],[77.11,35.039],[77.081,35.026],[77.068,35.024],[77.037,35.032],[77.027,35.041],[77.014,35.035],[77.011,35.028],[77.01,35.016],[77.011,34.967],[77.01,34.956],[76.997,34.939],[76.989,34.935],[76.97,34.936],[76.95,34.941],[76.908,34.962],[76.901,34.963],[76.884,34.97],[76.87,34.972],[76.863,34.971],[76.853,34.964],[76.848,34.958],[76.826,34.942],[76.811,34.935],[76.799,34.936],[76.762,34.933],[76.749,34.927],[76.743,34.918],[76.739,34.902],[76.743,34.865],[76.745,34.845],[76.738,34.831],[76.706,34.801],[76.697,34.779],[76.687,34.763],[76.682,34.76],[76.672,34.757],[76.652,34.757],[76.58,34.756],[76.571,34.758],[76.562,34.758],[76.545,34.766],[76.514,34.784],[76.49,34.792],[76.474,34.794],[76.469,34.792],[76.437,34.764],[76.428,34.762],[76.41,34.752],[76.386,34.736],[76.34,34.734],[76.316,34.732],[76.302,34.724],[76.29,34.712],[76.283,34.702],[76.275,34.694],[76.26,34.684],[76.234,34.673],[76.227,34.672],[76.198,34.659],[76.193,34.655],[76.158,34.643],[76.139,34.642],[76.122,34.647],[76.086,34.671],[76.074,34.676],[76.055,34.676],[76.036,34.67],[76.025,34.664],[76.014,34.654],[76.0,34.636],[75.992,34.63],[75.983,34.629],[75.967,34.634],[75.946,34.631],[75.932,34.624],[75.919,34.605],[75.912,34.601],[75.881,34.591],[75.843,34.575],[75.821,34.559],[75.81,34.548],[75.793,34.534],[75.769,34.522],[75.749,34.516],[75.729,34.516],[75.692,34.522],[75.644,34.534],[75.616,34.539],[75.592,34.54],[75.552,34.538],[75.521,34.54],[75.506,34.537],[75.479,34.539],[75.465,34.543],[75.395,34.549],[75.378,34.552],[75.351,34.562],[75.335,34.572],[75.262,34.611],[75.258,34.618],[75.267,34.635],[75.266,34.64],[75.26,34.644],[75.25,34.647],[75.236,34.648],[75.207,34.646],[75.178,34.657],[75.165,34.66],[75.142,34.662],[75.111,34.658],[75.106,34.656],[75.085,34.655],[75.054,34.647],[75.042,34.641],[75.019,34.641],[75.004,34.647],[74.998,34.651],[74.947,34.666],[74.928,34.678],[74.911,34.683],[74.894,34.684],[74.854,34.678],[74.836,34.678],[74.787,34.683],[74.772,34.683],[74.728,34.689],[74.703,34.693],[74.671,34.701],[74.658,34.711],[74.639,34.734],[74.632,34.738],[74.618,34.742],[74.58,34.77],[74.565,34.772],[74.561,34.774],[74.544,34.777],[74.515,34.775],[74.507,34.776],[74.485,34.787],[74.474,34.791],[74.376,34.803],[74.368,34.803],[74.346,34.79],[74.332,34.792],[74.315,34.8],[74.303,34.798],[74.287,34.774],[74.27,34.763],[74.239,34.752],[74.227,34.75],[74.226,34.747],[74.203,34.737],[74.175,34.717],[74.149,34.695],[74.142,34.691],[74.133,34.69],[74.087,34.694],[74.06,34.685],[74.049,34.685],[74.042,34.687],[74.013,34.71],[74.0,34.708],[73.96,34.697],[73.942,34.677],[73.927,34.646],[73.942,34.592],[73.948,34.573],[73.895,34.547],[73.887,34.515],[73.899,34.496],[73.855,34.473],[73.807,34.442],[73.777,34.416],[73.764,34.371],[73.763,34.36],[73.773,34.35],[73.807,34.357],[73.842,34.338],[73.879,34.354],[73.899,34.36],[73.92,34.342],[73.941,34.302],[73.976,34.265],[73.982,34.239],[73.977,34.212],[73.945,34.17],[73.917,34.142],[73.904,34.122],[73.904,34.097],[73.886,34.075],[73.883,34.05],[73.898,34.033],[74.0,34.03],[74.006,34.022],[74.039,34.029],[74.057,34.031],[74.061,34.035],[74.087,34.038],[74.096,34.04],[74.1,34.046],[74.115,34.054],[74.124,34.055],[74.132,34.053],[74.149,34.043],[74.161,34.039],[74.196,34.04],[74.215,34.039],[74.226,34.033],[74.237,34.026],[74.249,34.014],[74.263,33.974],[74.264,33.943],[74.261,33.925],[74.246,33.895],[74.22,33.867],[74.208,33.859],[74.17,33.84],[74.143,33.83],[74.13,33.828],[74.09,33.826],[74.066,33.82],[74.049,33.809],[74.038,33.795],[74.028,33.776],[74.0,33.753],[73.966,33.74],[73.956,33.72],[73.976,33.694],[74.0,33.624],[74.028,33.575],[74.045,33.566],[74.054,33.565],[74.088,33.573],[74.096,33.57],[74.123,33.543],[74.143,33.518],[74.178,33.482],[74.186,33.466],[74.187,33.456],[74.179,33.426],[74.18,33.402],[74.185,33.384],[74.171,33.347],[74.167,33.344],[74.118,33.286],[74.116,33.281],[74.103,33.271],[74.091,33.264],[74.079,33.26],[74.065,33.26],[74.048,33.264],[74.036,33.265],[74.024,33.262],[74.013,33.25],[74.011,33.238],[74.011,33.219],[74.014,33.198],[74.026,33.189],[74.056,33.187],[74.083,33.181],[74.1,33.173],[74.112,33.164],[74.145,33.135],[74.149,33.134],[74.176,33.107],[74.191,33.077],[74.199,33.047],[74.205,33.043],[74.255,33.049],[74.283,33.043],[74.308,33.031],[74.326,33.029],[74.338,33.026],[74.352,33.013],[74.353,32.983],[74.346,32.966],[74.321,32.941],[74.316,32.93],[74.318,32.92],[74.327,32.913],[74.348,32.908],[74.386,32.909],[74.406,32.907],[74.414,32.904],[74.425,32.893],[74.429,32.88],[74.426,32.858],[74.43,32.845],[74.443,32.829],[74.451,32.817],[74.454,32.805],[74.457,32.802],[74.466,32.781],[74.48,32.773],[74.503,32.76],[74.532,32.741],[74.567,32.755],[74.579,32.753],[74.594,32.757],[74.614,32.758],[74.633,32.778],[74.642,32.792],[74.637,32.811],[74.638,32.818],[74.642,32.823],[74.661,32.828],[74.681,32.838],[74.697,32.84],[74.7,32.827],[74.695,32.81],[74.688,32.796],[74.668,32.767],[74.662,32.755],[74.65,32.718],[74.654,32.692],[74.662,32.68],[74.669,32.675],[74.676,32.666],[74.676,32.658],[74.669,32.646],[74.658,32.637],[74.649,32.626],[74.642,32.611],[74.643,32.596],[74.648,32.572],[74.652,32.56],[74.662,32.551],[74.681,32.538],[74.683,32.53],[74.679,32.515],[74.681,32.504],[74.687,32.493],[74.698,32.485],[74.721,32.482],[74.744,32.481],[74.747,32.479],[74.761,32.482],[74.799,32.484],[74.819,32.496],[74.835,32.496],[74.856,32.493],[74.862,32.489],[74.877,32.486],[74.883,32.482],[74.891,32.47],[74.9,32.466],[74.924,32.468],[74.934,32.468],[74.944,32.461],[74.949,32.454],[74.964,32.453],[74.973,32.448],[74.988,32.45],[75.0,32.459],[75.002,32.463],[75.012,32.476],[75.03,32.492],[75.037,32.492],[75.061,32.482],[75.072,32.483],[75.083,32.48],[75.098,32.466],[75.107,32.455],[75.11,32.454],[75.121,32.441],[75.128,32.421],[75.139,32.415],[75.148,32.413],[75.16,32.417],[75.18,32.425],[75.189,32.424],[75.192,32.42],[75.195,32.405],[75.2,32.402],[75.232,32.399],[75.237,32.396],[75.253,32.38],[75.28,32.367],[75.289,32.358],[75.311,32.345],[75.322,32.337],[75.33,32.332],[75.337,32.323],[75.334,32.304],[75.34,32.289],[75.349,32.284],[75.367,32.269],[75.366,32.264],[75.359,32.259],[75.358,32.246],[75.364,32.238],[75.359,32.227],[75.346,32.218],[75.333,32.219],[75.318,32.218],[75.314,32.212],[75.32,32.208],[75.323,32.201],[75.317,32.193],[75.318,32.171],[75.314,32.159],[75.309,32.155],[75.283,32.142],[75.277,32.135],[75.275,32.119],[75.272,32.113],[75.239,32.087],[75.228,32.085],[75.224,32.091],[75.225,32.107],[75.223,32.113],[75.212,32.119],[75.205,32.116],[75.199,32.117],[75.193,32.115],[75.194,32.101],[75.185,32.095],[75.185,32.084],[75.172,32.079],[75.164,32.068],[75.158,32.068],[75.152,32.08],[75.144,32.083],[75.13,32.081],[75.12,32.083],[75.114,32.081],[75.108,32.075],[75.099,32.071],[75.092,32.059],[75.086,32.063],[75.069,32.058],[75.051,32.041],[75.046,32.039],[75.031,32.041],[75.023,32.039],[75.011,32.03],[74.998,32.029],[74.987,32.035],[74.977,32.042],[74.968,32.042],[74.966,32.051],[74.96,32.055],[74.926,32.066],[74.914,32.065],[74.907,32.063],[74.9,32.05],[74.879,32.052],[74.872,32.051],[74.862,32.045],[74.868,32.031],[74.865,32.024],[74.859,32.027],[74.852,32.022],[74.84,32.02],[74.845,32.013],[74.844,32.008],[74.828,32.005],[74.82,32.0],[74.818,31.994],[74.82,31.976],[74.815,31.972],[74.81,31.956],[74.803,31.958],[74.801,31.962],[74.784,31.955],[74.769,31.952],[74.759,31.946],[74.745,31.949],[74.746,31.942],[74.736,31.937],[74.727,31.942],[74.718,31.958],[74.709,31.958],[74.705,31.931],[74.703,31.925],[74.695,31.919],[74.69,31.923],[74.676,31.922],[74.652,31.91],[74.651,31.898],[74.638,31.897],[74.634,31.89],[74.623,31.881],[74.612,31.881],[74.598,31.884],[74.596,31.877],[74.596,31.865],[74.582,31.855],[74.58,31.844],[74.573,31.842],[74.565,31.832],[74.556,31.829],[74.556,31.822],[74.56,31.815],[74.558,31.808],[74.549,31.799],[74.555,31.79],[74.547,31.784],[74.544,31.776],[74.545,31.765],[74.552,31.757],[74.545,31.75],[74.529,31.75],[74.518,31.745],[74.517,31.723],[74.53,31.698],[74.557,31.657],[74.578,31.623],[74.593,31.592],[74.601,31.568],[74.605,31.541],[74.604,31.534],[74.599,31.528],[74.582,31.525],[74.573,31.52],[74.572,31.506],[74.566,31.501],[74.58,31.496],[74.583,31.498],[74.595,31.5],[74.603,31.495],[74.604,31.49],[74.614,31.486],[74.626,31.487],[74.621,31.478],[74.632,31.471],[74.642,31.462],[74.636,31.452],[74.625,31.424],[74.601,31.404],[74.595,31.397],[74.572,31.347],[74.552,31.298],[74.53,31.299],[74.525,31.295],[74.517,31.278],[74.511,31.272],[74.522,31.248],[74.514,31.237],[74.511,31.223],[74.515,31.209],[74.508,31.197],[74.509,31.186],[74.502,31.185],[74.501,31.18],[74.505,31.167],[74.504,31.159],[74.506,31.136],[74.523,31.13],[74.526,31.122],[74.536,31.125],[74.542,31.123],[74.544,31.117],[74.543,31.105],[74.546,31.089],[74.566,31.084],[74.571,31.088],[74.588,31.093],[74.596,31.091],[74.596,31.097],[74.6,31.103],[74.6,31.111],[74.597,31.123],[74.592,31.127],[74.595,31.135],[74.607,31.133],[74.615,31.136],[74.626,31.136],[74.625,31.123],[74.631,31.121],[74.64,31.13],[74.653,31.135],[74.664,31.127],[74.669,31.13],[74.679,31.129],[74.682,31.12],[74.691,31.116],[74.691,31.104],[74.694,31.095],[74.684,31.086],[74.683,31.072],[74.672,31.062],[74.656,31.055],[74.634,31.053],[74.623,31.047],[74.6,31.044],[74.592,31.052],[74.572,31.067],[74.558,31.068],[74.553,31.063],[74.55,31.043],[74.538,31.032],[74.536,31.017],[74.532,31.009],[74.539,30.997],[74.533,30.991],[74.523,30.989],[74.504,30.978],[74.497,30.967],[74.485,30.97],[74.471,30.966],[74.446,30.949],[74.429,30.934],[74.421,30.926],[74.419,30.912],[74.413,30.906],[74.395,30.904],[74.383,30.892],[74.366,30.885],[74.362,30.879],[74.362,30.872],[74.371,30.86],[74.372,30.853],[74.363,30.846],[74.347,30.851],[74.346,30.854],[74.331,30.852],[74.316,30.848],[74.312,30.841],[74.308,30.821],[74.295,30.81],[74.293,30.803],[74.286,30.797],[74.296,30.793],[74.299,30.786],[74.291,30.778],[74.279,30.776],[74.274,30.773],[74.265,30.773],[74.262,30.768],[74.266,30.762],[74.274,30.743],[74.282,30.735],[74.28,30.729],[74.268,30.731],[74.254,30.723],[74.241,30.722],[74.232,30.72],[74.222,30.708],[74.197,30.672],[74.186,30.659],[74.183,30.659],[74.151,30.633],[74.144,30.629],[74.124,30.629],[74.112,30.617],[74.11,30.607],[74.105,30.607],[74.098,30.616],[74.091,30.613],[74.094,30.606],[74.092,30.598],[74.093,30.581],[74.091,30.573],[74.084,30.566],[74.068,30.555],[74.084,30.545],[74.085,30.541],[74.078,30.529],[74.067,30.52],[74.056,30.522],[74.048,30.529],[74.04,30.538],[74.034,30.536],[74.026,30.525],[73.989,30.505],[73.973,30.488],[73.969,30.48],[73.967,30.463],[73.963,30.458],[73.955,30.458],[73.947,30.462],[73.935,30.463],[73.932,30.458],[73.937,30.443],[73.932,30.433],[73.928,30.421],[73.903,30.417],[73.894,30.402],[73.88,30.391],[73.873,30.383],[73.871,30.369],[73.876,30.361],[73.897,30.349],[73.906,30.34],[73.918,30.323],[73.925,30.311],[73.934,30.303],[73.94,30.288],[73.947,30.275],[73.958,30.262],[73.961,30.241],[73.964,30.231],[73.966,30.195],[73.958,30.186],[73.923,30.168],[73.896,30.149],[73.883,30.139],[73.873,30.132],[73.838,30.109],[73.806,30.083],[73.794,30.07],[73.787,30.066],[73.754,30.057],[73.709,30.047],[73.678,30.039],[73.653,30.031],[73.611,30.022],[73.562,30.006],[73.54,29.995],[73.533,29.994],[73.413,29.949],[73.399,29.943],[73.391,29.938],[73.385,29.926],[73.366,29.853],[73.359,29.836],[73.354,29.818],[73.346,29.792],[73.34,29.769],[73.336,29.758],[73.328,29.732],[73.325,29.728],[73.316,29.694],[73.312,29.686],[73.298,29.634],[73.286,29.605],[73.275,29.567],[73.271,29.557],[73.262,29.541],[73.238,29.506],[73.232,29.493],[73.222,29.479],[73.202,29.442],[73.191,29.429],[73.171,29.389],[73.147,29.35],[73.137,29.329],[73.115,29.295],[73.109,29.283],[73.102,29.273],[73.092,29.254],[73.078,29.233],[73.055,29.207],[73.036,29.188],[73.016,29.164],[73.0,29.147],[72.976,29.099],[72.954,29.053],[72.944,29.03],[72.939,29.025],[72.928,29.02],[72.899,29.009],[72.888,29.004],[72.862,28.996],[72.844,28.988],[72.741,28.948],[72.711,28.935],[72.675,28.916],[72.651,28.903],[72.588,28.866],[72.552,28.848],[72.52,28.829],[72.485,28.81],[72.447,28.793],[72.431,28.789],[72.403,28.778],[72.385,28.764],[72.378,28.756],[72.346,28.72],[72.344,28.716],[72.326,28.699],[72.302,28.665],[72.253,28.527],[72.249,28.511],[72.244,28.506],[72.243,28.496],[72.209,28.4],[72.202,28.385],[72.198,28.381],[72.184,28.358],[72.156,28.337],[72.126,28.304],[72.109,28.29],[72.091,28.278],[72.066,28.261],[72.044,28.243],[72.019,28.227],[71.996,28.207],[71.966,28.165],[71.953,28.153],[71.943,28.14],[71.931,28.122],[71.922,28.091],[71.92,28.076],[71.912,28.048],[71.913,28.038],[71.912,28.026],[71.905,27.997],[71.902,27.969],[71.897,27.957],[71.893,27.955],[71.859,27.941],[71.766,27.91],[71.743,27.901],[71.698,27.883],[71.664,27.873],[71.658,27.869],[71.604,27.868],[71.587,27.87],[71.549,27.866],[71.531,27.865],[71.448,27.866],[71.419,27.864],[71.41,27.866],[71.381,27.862],[71.273,27.842],[71.255,27.837],[71.23,27.829],[71.209,27.824],[71.184,27.814],[71.174,27.812],[71.087,27.777],[71.07,27.768],[71.034,27.757],[70.984,27.734],[70.962,27.723],[70.952,27.72],[70.907,27.701],[70.884,27.698],[70.858,27.702],[70.819,27.704],[70.789,27.71],[70.758,27.717],[70.751,27.727],[70.738,27.742],[70.726,27.76],[70.722,27.769],[70.705,27.794],[70.703,27.8],[70.689,27.819],[70.678,27.839],[70.673,27.87],[70.672,27.914],[70.661,27.931],[70.628,27.961],[70.599,27.988],[70.563,28.02],[70.53,28.032],[70.51,28.036],[70.479,28.034],[70.46,28.03],[70.432,28.022],[70.409,28.017],[70.366,28.008],[70.336,27.983],[70.333,27.977],[70.322,27.965],[70.303,27.946],[70.281,27.93],[70.208,27.885],[70.181,27.856],[70.157,27.834],[70.108,27.767],[70.083,27.708],[70.051,27.635],[70.025,27.57],[70.016,27.556],[69.936,27.502],[69.908,27.46],[69.862,27.403],[69.849,27.393],[69.833,27.379],[69.813,27.36],[69.794,27.346],[69.725,27.295],[69.699,27.278],[69.666,27.251],[69.604,27.193],[69.587,27.178],[69.578,27.165],[69.565,27.138],[69.54,27.078],[69.537,27.069],[69.513,27.017],[69.504,26.943],[69.501,26.9],[69.496,26.872],[69.486,26.823],[69.484,26.806],[69.488,26.794],[69.508,26.748],[69.515,26.74],[69.522,26.736],[69.575,26.716],[69.592,26.707],[69.602,26.705],[69.608,26.7],[69.677,26.673],[69.699,26.665],[69.722,26.654],[69.743,26.638],[69.772,26.614],[69.795,26.6],[69.815,26.592],[69.832,26.588],[69.856,26.583],[69.879,26.581],[69.918,26.583],[69.955,26.587],[70.025,26.599],[70.04,26.6],[70.066,26.599],[70.088,26.596],[70.107,26.59],[70.139,26.574],[70.15,26.568],[70.168,26.551],[70.179,26.514],[70.184,26.487],[70.176,26.433],[70.178,26.404],[70.179,26.375],[70.178,26.366],[70.178,26.35],[70.167,26.307],[70.165,26.291],[70.165,26.277],[70.171,26.259],[70.173,26.245],[70.159,26.194],[70.145,26.166],[70.126,26.139],[70.094,26.097],[70.083,26.074],[70.08,26.058],[70.087,26.031],[70.091,25.997],[70.091,25.965],[70.096,25.944],[70.107,25.924],[70.142,25.875],[70.145,25.869],[70.154,25.86],[70.165,25.844],[70.178,25.819],[70.203,25.805],[70.224,25.788],[70.245,25.766],[70.261,25.742],[70.272,25.709],[70.276,25.703],[70.285,25.699],[70.375,25.668],[70.4,25.664],[70.425,25.67],[70.46,25.673],[70.49,25.676],[70.533,25.676],[70.566,25.686],[70.602,25.703],[70.617,25.707],[70.647,25.707],[70.655,25.704],[70.666,25.697],[70.676,25.68],[70.681,25.661],[70.68,25.62],[70.677,25.589],[70.677,25.536],[70.676,25.524],[70.688,25.518],[70.686,25.511],[70.685,25.49],[70.68,25.447],[70.68,25.417],[70.674,25.389],[70.687,25.378],[70.706,25.36],[70.723,25.345],[70.744,25.321],[70.754,25.296],[70.759,25.275],[70.766,25.265],[70.796,25.24],[70.809,25.224],[70.856,25.182],[70.861,25.176],[70.875,25.163],[70.894,25.144],[70.905,25.095],[70.914,25.046],[70.926,24.995],[70.945,24.935],[70.956,24.914],[70.979,24.89],[70.985,24.877],[71.004,24.853],[71.012,24.836],[71.024,24.821],[71.035,24.799],[71.05,24.761],[71.063,24.739],[71.073,24.712],[71.1,24.683],[71.107,24.681],[71.085,24.661],[71.061,24.646],[71.046,24.639],[71.02,24.631],[71.017,24.622],[71.01,24.616],[71.001,24.599],[70.999,24.585],[71.003,24.566],[70.998,24.541],[71.015,24.523],[71.014,24.502],[71.008,24.467],[71.008,24.442],[71.013,24.439],[71.029,24.433],[71.076,24.434],[71.093,24.436],[71.119,24.431],[71.124,24.428],[71.134,24.414],[71.132,24.402],[71.122,24.391],[71.093,24.384],[71.088,24.381],[71.077,24.372],[71.068,24.357],[71.047,24.347],[71.025,24.345],[71.013,24.347],[71.005,24.353],[70.998,24.361],[70.992,24.359],[70.974,24.348],[70.96,24.346],[70.953,24.34],[70.929,24.323],[70.925,24.317],[70.905,24.303],[70.893,24.298],[70.885,24.291],[70.884,24.281],[70.889,24.269],[70.901,24.263],[70.894,24.257],[70.883,24.254],[70.866,24.251],[70.854,24.247],[70.846,24.243],[70.837,24.235],[70.816,24.225],[70.806,24.223],[70.764,24.221],[70.726,24.221],[70.655,24.225],[70.614,24.239],[70.594,24.24],[70.584,24.244],[70.574,24.252],[70.572,24.265],[70.577,24.274],[70.588,24.285],[70.574,24.29],[70.573,24.298],[70.587,24.31],[70.581,24.316],[70.572,24.345],[70.585,24.352],[70.592,24.359],[70.604,24.381],[70.611,24.396],[70.611,24.402],[70.594,24.41],[70.593,24.412],[70.575,24.42],[70.56,24.419],[70.532,24.41],[70.483,24.391],[70.466,24.387],[70.46,24.387],[70.37,24.353],[70.326,24.347],[70.297,24.34],[70.237,24.317],[70.231,24.317],[70.191,24.308],[70.15,24.301],[70.119,24.291],[70.11,24.285],[70.104,24.27],[70.088,24.235],[70.077,24.216],[70.059,24.193],[70.049,24.184],[70.024,24.169],[70.012,24.168],[69.979,24.165],[69.912,24.164],[69.874,24.166],[69.87,24.165],[69.858,24.166],[69.825,24.167],[69.767,24.172],[69.751,24.174],[69.725,24.175],[69.717,24.18],[69.709,24.189],[69.702,24.19],[69.693,24.198],[69.681,24.205],[69.67,24.217],[69.617,24.26],[69.613,24.268],[69.601,24.278],[69.58,24.27],[69.528,24.259],[69.501,24.255],[69.484,24.257],[69.468,24.264],[69.432,24.274],[69.412,24.274],[69.382,24.266],[69.362,24.266],[69.331,24.274],[69.31,24.277],[69.293,24.274],[69.275,24.269],[69.268,24.264],[69.243,24.255],[69.236,24.252],[69.229,24.251],[69.2,24.235],[69.19,24.236],[69.158,24.246],[69.156,24.249],[69.137,24.253],[69.118,24.262],[69.093,24.269],[69.085,24.268],[69.07,24.26],[69.039,24.242],[69.014,24.229],[69.001,24.226],[68.986,24.226],[68.971,24.238],[68.96,24.254],[68.957,24.261],[68.947,24.277],[68.934,24.269],[68.922,24.259],[68.914,24.245],[68.904,24.209],[68.898,24.199],[68.891,24.196],[68.878,24.197],[68.872,24.201],[68.87,24.209],[68.864,24.205],[68.853,24.206],[68.848,24.208],[68.84,24.228],[68.836,24.25],[68.831,24.288],[68.832,24.299],[68.826,24.308],[68.792,24.3],[68.773,24.294],[68.764,24.284],[68.764,24.236],[68.762,24.191],[68.761,24.1],[68.76,24.036],[68.751,24.0],[68.749,23.962],[68.547,23.963],[68.543,23.959],[68.538,23.945],[68.545,23.935],[68.558,23.933],[68.56,23.93],[68.56,23.924],[68.58,23.924],[68.588,23.922],[68.587,23.941]],[[76.262,10.03],[76.263,10.022],[76.267,10.023],[76.266,10.031],[76.262,10.03]],[[68.58,23.923],[68.562,23.923],[68.558,23.923],[68.559,23.928],[68.557,23.932],[68.542,23.934],[68.535,23.946],[68.525,23.941],[68.531,23.933],[68.533,23.922],[68.53,23.917],[68.513,23.903],[68.508,23.903],[68.5,23.897],[68.487,23.891],[68.49,23.867],[68.504,23.866],[68.51,23.863],[68.516,23.857],[68.521,23.857],[68.533,23.876],[68.539,23.868],[68.549,23.876],[68.565,23.894],[68.566,23.901],[68.572,23.908],[68.582,23.915],[68.589,23.917],[68.588,23.922],[68.58,23.923]],[[71.508,20.907],[71.512,20.903],[71.52,20.906],[71.516,20.914],[71.508,20.907]],[[71.676,20.985],[71.687,20.997],[71.673,20.992],[71.676,20.985]],[[69.737,21.602],[69.735,21.61],[69.728,21.612],[69.725,21.609],[69.73,21.603],[69.737,21.602]],[[69.453,22.358],[69.438,22.355],[69.45,22.351],[69.458,22.352],[69.453,22.358]],[[69.34,22.38],[69.34,22.386],[69.335,22.389],[69.33,22.383],[69.323,22.38],[69.331,22.375],[69.34,22.38]],[[69.48,22.388],[69.486,22.388],[69.489,22.393],[69.483,22.399],[69.48,22.388]],[[69.633,22.407],[69.637,22.407],[69.65,22.422],[69.655,22.423],[69.654,22.431],[69.648,22.437],[69.643,22.451],[69.628,22.46],[69.594,22.446],[69.588,22.437],[69.596,22.425],[69.608,22.418],[69.633,22.407]],[[69.108,22.461],[69.111,22.464],[69.123,22.468],[69.127,22.465],[69.135,22.466],[69.146,22.462],[69.15,22.469],[69.148,22.474],[69.137,22.478],[69.126,22.476],[69.121,22.472],[69.098,22.462],[69.092,22.456],[69.095,22.442],[69.086,22.43],[69.104,22.433],[69.108,22.437],[69.107,22.445],[69.109,22.452],[69.108,22.461]],[[69.293,22.46],[69.301,22.453],[69.32,22.451],[69.327,22.457],[69.328,22.463],[69.325,22.47],[69.319,22.472],[69.305,22.472],[69.302,22.474],[69.299,22.471],[69.293,22.46]],[[69.316,22.52],[69.335,22.508],[69.347,22.504],[69.363,22.512],[69.36,22.518],[69.351,22.527],[69.343,22.525],[69.324,22.528],[69.318,22.526],[69.316,22.52]],[[69.916,22.512],[69.931,22.518],[69.942,22.518],[69.944,22.523],[69.942,22.529],[69.935,22.533],[69.932,22.545],[69.919,22.553],[69.907,22.552],[69.9,22.545],[69.898,22.529],[69.894,22.523],[69.886,22.524],[69.867,22.531],[69.862,22.527],[69.87,22.522],[69.885,22.52],[69.895,22.512],[69.903,22.514],[69.916,22.512]],[[69.952,22.551],[69.943,22.551],[69.938,22.546],[69.938,22.54],[69.945,22.536],[69.954,22.537],[69.958,22.545],[69.952,22.551]],[[69.975,22.548],[69.986,22.547],[69.993,22.548],[69.999,22.553],[70.008,22.554],[70.027,22.568],[70.028,22.575],[70.025,22.586],[70.009,22.593],[69.996,22.589],[69.993,22.585],[69.967,22.578],[69.962,22.575],[69.957,22.561],[69.957,22.551],[69.964,22.545],[69.975,22.548]],[[69.957,22.595],[69.964,22.599],[69.958,22.604],[69.948,22.606],[69.949,22.599],[69.957,22.595]],[[69.646,22.758],[69.654,22.753],[69.657,22.755],[69.643,22.765],[69.646,22.758]],[[70.434,22.982],[70.442,22.98],[70.453,22.988],[70.455,22.996],[70.434,22.982]],[[70.43,23.033],[70.421,23.027],[70.413,23.017],[70.41,22.998],[70.414,22.99],[70.425,23.0],[70.438,23.021],[70.448,23.052],[70.445,23.05],[70.43,23.033]],[[70.418,23.035],[70.42,23.028],[70.43,23.035],[70.442,23.05],[70.429,23.047],[70.418,23.035]],[[70.482,23.065],[70.465,23.056],[70.453,23.043],[70.448,23.03],[70.45,23.025],[70.458,23.039],[70.465,23.047],[70.478,23.057],[70.482,23.065]],[[68.604,23.231],[68.606,23.222],[68.613,23.222],[68.609,23.231],[68.604,23.231]],[[68.612,23.292],[68.607,23.298],[68.595,23.3],[68.582,23.31],[68.58,23.302],[68.572,23.304],[68.565,23.302],[68.558,23.314],[68.555,23.309],[68.553,23.298],[68.564,23.278],[68.558,23.274],[68.541,23.285],[68.538,23.271],[68.54,23.267],[68.557,23.256],[68.559,23.253],[68.569,23.25],[68.571,23.247],[68.58,23.252],[68.572,23.261],[68.588,23.264],[68.592,23.267],[68.606,23.268],[68.607,23.273],[68.615,23.274],[68.61,23.284],[68.612,23.292]],[[68.583,23.315],[68.592,23.31],[68.6,23.301],[68.615,23.298],[68.616,23.302],[68.608,23.315],[68.605,23.313],[68.588,23.319],[68.583,23.315]],[[68.503,23.324],[68.512,23.318],[68.536,23.317],[68.534,23.325],[68.529,23.326],[68.528,23.337],[68.519,23.342],[68.513,23.339],[68.506,23.342],[68.503,23.34],[68.505,23.327],[68.503,23.324]],[[68.616,23.333],[68.62,23.337],[68.617,23.347],[68.618,23.354],[68.611,23.358],[68.607,23.353],[68.6,23.358],[68.595,23.369],[68.589,23.374],[68.571,23.374],[68.57,23.367],[68.577,23.363],[68.594,23.339],[68.602,23.34],[68.616,23.333]],[[68.559,23.363],[68.567,23.377],[68.557,23.379],[68.559,23.383],[68.553,23.392],[68.555,23.397],[68.542,23.405],[68.537,23.405],[68.539,23.397],[68.546,23.397],[68.553,23.385],[68.557,23.37],[68.551,23.37],[68.553,23.36],[68.559,23.363]],[[68.485,23.405],[68.49,23.427],[68.49,23.445],[68.495,23.457],[68.487,23.466],[68.487,23.473],[68.483,23.477],[68.473,23.48],[68.46,23.477],[68.457,23.471],[68.444,23.467],[68.442,23.455],[68.438,23.454],[68.435,23.441],[68.432,23.44],[68.425,23.447],[68.412,23.443],[68.414,23.43],[68.42,23.433],[68.424,23.44],[68.428,23.434],[68.435,23.433],[68.442,23.444],[68.449,23.45],[68.462,23.453],[68.461,23.444],[68.467,23.442],[68.46,23.433],[68.465,23.422],[68.458,23.418],[68.466,23.412],[68.467,23.406],[68.482,23.403],[68.485,23.405]],[[68.507,23.457],[68.503,23.448],[68.505,23.439],[68.504,23.431],[68.521,23.437],[68.519,23.449],[68.512,23.452],[68.507,23.457]],[[68.482,23.478],[68.488,23.473],[68.498,23.48],[68.498,23.489],[68.487,23.486],[68.482,23.478]],[[68.486,23.495],[68.481,23.501],[68.473,23.496],[68.474,23.481],[68.481,23.478],[68.487,23.486],[68.486,23.495]],[[68.473,23.487],[68.47,23.496],[68.467,23.498],[68.459,23.487],[68.46,23.48],[68.471,23.48],[68.473,23.487]],[[68.47,23.553],[68.469,23.549],[68.457,23.542],[68.463,23.535],[68.47,23.539],[68.475,23.538],[68.48,23.546],[68.479,23.555],[68.47,23.553]],[[68.465,23.579],[68.456,23.572],[68.451,23.565],[68.442,23.563],[68.434,23.555],[68.435,23.547],[68.43,23.543],[68.43,23.533],[68.434,23.523],[68.438,23.523],[68.442,23.535],[68.454,23.546],[68.466,23.552],[68.475,23.559],[68.473,23.563],[68.485,23.575],[68.484,23.584],[68.485,23.592],[68.482,23.597],[68.481,23.591],[68.478,23.59],[68.473,23.593],[68.468,23.592],[68.462,23.582],[68.465,23.579]],[[68.462,23.583],[68.467,23.592],[68.466,23.598],[68.458,23.6],[68.452,23.595],[68.453,23.588],[68.457,23.588],[68.451,23.573],[68.462,23.577],[68.462,23.582],[68.462,23.583]],[[68.441,23.603],[68.441,23.595],[68.439,23.589],[68.446,23.588],[68.448,23.6],[68.455,23.604],[68.467,23.602],[68.465,23.623],[68.456,23.625],[68.435,23.616],[68.441,23.603]],[[68.48,23.591],[68.48,23.598],[68.478,23.6],[68.478,23.606],[68.491,23.608],[68.489,23.614],[68.49,23.624],[68.485,23.628],[68.48,23.62],[68.47,23.617],[68.47,23.605],[68.467,23.593],[68.473,23.594],[68.48,23.591]],[[68.425,23.777],[68.426,23.796],[68.412,23.793],[68.407,23.788],[68.398,23.785],[68.377,23.792],[68.366,23.802],[68.358,23.805],[68.355,23.805],[68.35,23.797],[68.349,23.782],[68.342,23.768],[68.335,23.759],[68.339,23.752],[68.339,23.733],[68.335,23.725],[68.321,23.72],[68.315,23.714],[68.312,23.702],[68.307,23.693],[68.292,23.678],[68.281,23.67],[68.28,23.663],[68.273,23.659],[68.269,23.65],[68.253,23.647],[68.238,23.647],[68.229,23.642],[68.225,23.644],[68.207,23.642],[68.205,23.648],[68.188,23.628],[68.186,23.624],[68.187,23.611],[68.195,23.604],[68.198,23.597],[68.205,23.596],[68.205,23.602],[68.215,23.601],[68.217,23.606],[68.224,23.604],[68.22,23.591],[68.231,23.589],[68.243,23.594],[68.24,23.601],[68.245,23.604],[68.255,23.601],[68.264,23.602],[68.27,23.613],[68.284,23.611],[68.286,23.605],[68.282,23.598],[68.274,23.594],[68.276,23.587],[68.281,23.582],[68.295,23.579],[68.307,23.587],[68.315,23.583],[68.318,23.589],[68.33,23.589],[68.347,23.598],[68.351,23.605],[68.348,23.616],[68.353,23.617],[68.359,23.628],[68.37,23.634],[68.375,23.643],[68.381,23.644],[68.391,23.655],[68.406,23.692],[68.408,23.702],[68.413,23.71],[68.418,23.729],[68.416,23.74],[68.416,23.753],[68.419,23.77],[68.425,23.777]],[[68.467,23.74],[68.459,23.737],[68.459,23.725],[68.467,23.728],[68.487,23.728],[68.487,23.731],[68.475,23.735],[68.467,23.74]],[[68.272,23.78],[68.267,23.771],[68.264,23.76],[68.269,23.752],[68.267,23.742],[68.263,23.738],[68.265,23.727],[68.257,23.716],[68.268,23.705],[68.286,23.714],[68.3,23.728],[68.313,23.73],[68.324,23.734],[68.32,23.746],[68.315,23.765],[68.314,23.779],[68.315,23.789],[68.322,23.803],[68.313,23.822],[68.308,23.824],[68.295,23.819],[68.298,23.804],[68.278,23.797],[68.273,23.793],[68.272,23.78]],[[68.274,23.797],[68.296,23.804],[68.296,23.81],[68.289,23.815],[68.294,23.821],[68.306,23.825],[68.315,23.824],[68.32,23.808],[68.323,23.808],[68.33,23.815],[68.338,23.819],[68.336,23.839],[68.347,23.86],[68.348,23.876],[68.342,23.89],[68.345,23.901],[68.35,23.908],[68.363,23.914],[68.384,23.915],[68.403,23.921],[68.409,23.924],[68.419,23.934],[68.426,23.953],[68.432,23.96],[68.437,23.988],[68.43,23.995],[68.42,23.991],[68.414,23.982],[68.4,23.968],[68.387,23.965],[68.381,23.972],[68.379,23.981],[68.374,23.984],[68.36,23.977],[68.348,23.963],[68.345,23.953],[68.347,23.937],[68.342,23.925],[68.335,23.918],[68.326,23.914],[68.32,23.915],[68.297,23.921],[68.283,23.92],[68.278,23.913],[68.275,23.898],[68.267,23.892],[68.258,23.88],[68.259,23.872],[68.254,23.859],[68.241,23.85],[68.235,23.836],[68.225,23.835],[68.216,23.836],[68.211,23.828],[68.209,23.811],[68.215,23.794],[68.218,23.781],[68.225,23.774],[68.226,23.763],[68.219,23.755],[68.213,23.757],[68.206,23.755],[68.202,23.745],[68.193,23.731],[68.2,23.721],[68.208,23.707],[68.22,23.7],[68.228,23.701],[68.227,23.69],[68.238,23.681],[68.245,23.679],[68.256,23.68],[68.265,23.688],[68.267,23.696],[68.26,23.707],[68.255,23.712],[68.254,23.719],[68.261,23.725],[68.261,23.738],[68.266,23.746],[68.262,23.76],[68.266,23.774],[68.27,23.781],[68.273,23.793],[68.274,23.797]],[[68.224,23.762],[68.223,23.772],[68.217,23.779],[68.215,23.768],[68.217,23.756],[68.224,23.762]],[[68.512,23.789],[68.515,23.796],[68.523,23.804],[68.519,23.811],[68.52,23.818],[68.514,23.818],[68.508,23.826],[68.497,23.831],[68.49,23.83],[68.48,23.823],[68.471,23.82],[68.458,23.817],[68.454,23.809],[68.448,23.806],[68.45,23.791],[68.455,23.786],[68.456,23.774],[68.451,23.767],[68.448,23.759],[68.437,23.743],[68.448,23.741],[68.465,23.743],[68.47,23.74],[68.477,23.741],[68.478,23.748],[68.483,23.753],[68.488,23.748],[68.488,23.737],[68.495,23.737],[68.5,23.743],[68.517,23.755],[68.522,23.771],[68.522,23.775],[68.516,23.779],[68.512,23.789]],[[68.342,23.789],[68.34,23.783],[68.348,23.783],[68.349,23.8],[68.342,23.789]],[[68.602,23.796],[68.607,23.803],[68.605,23.81],[68.599,23.804],[68.593,23.803],[68.595,23.797],[68.602,23.796]],[[68.428,23.82],[68.439,23.834],[68.438,23.839],[68.429,23.848],[68.425,23.855],[68.425,23.865],[68.417,23.871],[68.409,23.872],[68.396,23.878],[68.388,23.874],[68.377,23.873],[68.374,23.86],[68.37,23.856],[68.357,23.85],[68.355,23.846],[68.347,23.842],[68.343,23.837],[68.343,23.831],[68.348,23.825],[68.347,23.818],[68.326,23.799],[68.325,23.795],[68.33,23.787],[68.336,23.798],[68.347,23.808],[68.354,23.811],[68.37,23.81],[68.374,23.806],[68.379,23.795],[68.39,23.791],[68.4,23.79],[68.407,23.793],[68.416,23.802],[68.415,23.805],[68.425,23.81],[68.428,23.82]],[[68.215,23.86],[68.216,23.848],[68.224,23.847],[68.233,23.842],[68.238,23.851],[68.251,23.862],[68.255,23.874],[68.248,23.88],[68.217,23.868],[68.215,23.86]],[[68.446,23.879],[68.452,23.882],[68.448,23.893],[68.452,23.913],[68.448,23.92],[68.453,23.923],[68.456,23.934],[68.449,23.938],[68.441,23.935],[68.435,23.936],[68.427,23.933],[68.42,23.921],[68.405,23.912],[68.386,23.906],[68.368,23.907],[68.356,23.903],[68.35,23.896],[68.35,23.891],[68.356,23.876],[68.356,23.86],[68.35,23.846],[68.372,23.86],[68.373,23.869],[68.378,23.876],[68.388,23.876],[68.396,23.88],[68.411,23.873],[68.417,23.872],[68.427,23.865],[68.442,23.871],[68.446,23.879]],[[68.503,23.946],[68.499,23.95],[68.496,23.96],[68.496,23.966],[68.502,23.973],[68.502,23.978],[68.497,23.981],[68.487,23.992],[68.482,23.993],[68.463,23.992],[68.459,23.991],[68.448,23.981],[68.441,23.962],[68.437,23.957],[68.432,23.945],[68.428,23.938],[68.442,23.936],[68.448,23.94],[68.461,23.933],[68.456,23.929],[68.451,23.918],[68.454,23.916],[68.453,23.899],[68.451,23.894],[68.454,23.882],[68.445,23.876],[68.445,23.871],[68.439,23.866],[68.428,23.862],[68.431,23.853],[68.444,23.848],[68.464,23.86],[68.473,23.863],[68.475,23.875],[68.48,23.89],[68.485,23.899],[68.491,23.903],[68.505,23.91],[68.518,23.924],[68.517,23.942],[68.503,23.946]],[[73.028,8.272],[73.032,8.267],[73.049,8.267],[73.055,8.275],[73.067,8.286],[73.067,8.302],[73.069,8.308],[73.081,8.328],[73.077,8.325],[73.068,8.309],[73.065,8.297],[73.056,8.283],[73.047,8.276],[73.028,8.272]],[[76.382,9.534],[76.383,9.527],[76.405,9.528],[76.404,9.542],[76.382,9.534]],[[76.466,9.53],[76.479,9.53],[76.479,9.537],[76.467,9.541],[76.466,9.53]],[[76.435,9.552],[76.405,9.542],[76.406,9.528],[76.434,9.528],[76.435,9.552]],[[76.404,9.559],[76.405,9.554],[76.382,9.543],[76.384,9.535],[76.4,9.541],[76.425,9.55],[76.423,9.556],[76.416,9.558],[76.414,9.563],[76.404,9.559]],[[76.36,9.831],[76.369,9.83],[76.372,9.834],[76.368,9.844],[76.366,9.856],[76.357,9.86],[76.35,9.871],[76.35,9.875],[76.347,9.868],[76.352,9.858],[76.352,9.843],[76.349,9.838],[76.36,9.831]],[[76.265,9.962],[76.267,9.94],[76.272,9.934],[76.288,9.927],[76.294,9.926],[76.29,9.937],[76.275,9.966],[76.261,9.971],[76.26,9.966],[76.265,9.962]],[[76.242,10.014],[76.242,10.006],[76.246,9.987],[76.247,9.977],[76.251,9.976],[76.26,9.982],[76.258,9.991],[76.253,10.006],[76.242,10.014]],[[73.645,10.078],[73.64,10.071],[73.638,10.064],[73.642,10.057],[73.648,10.061],[73.648,10.081],[73.652,10.096],[73.652,10.104],[73.651,10.096],[73.645,10.078]],[[72.332,10.127],[72.328,10.137],[72.326,10.127],[72.332,10.127]],[[72.642,10.577],[72.638,10.576],[72.636,10.568],[72.623,10.547],[72.634,10.555],[72.647,10.56],[72.65,10.57],[72.646,10.577],[72.642,10.577]],[[73.664,10.819],[73.66,10.816],[73.662,10.808],[73.67,10.805],[73.679,10.806],[73.701,10.813],[73.696,10.818],[73.678,10.818],[73.678,10.822],[73.675,10.818],[73.664,10.819]],[[72.202,10.867],[72.207,10.877],[72.2,10.877],[72.194,10.87],[72.191,10.862],[72.189,10.849],[72.183,10.837],[72.173,10.82],[72.182,10.832],[72.188,10.845],[72.202,10.867]],[[72.291,10.936],[72.288,10.944],[72.291,10.946],[72.287,10.946],[72.284,10.936],[72.291,10.936]],[[72.732,11.136],[72.721,11.13],[72.716,11.125],[72.715,11.117],[72.72,11.112],[72.729,11.12],[72.734,11.131],[72.732,11.136]],[[72.79,11.26],[72.787,11.258],[72.778,11.241],[72.774,11.223],[72.77,11.212],[72.778,11.217],[72.781,11.23],[72.791,11.255],[72.79,11.26]],[[73.007,11.471],[73.012,11.472],[73.009,11.488],[73.0,11.498],[73.004,11.481],[73.007,11.471]],[[75.293,11.976],[75.285,11.987],[75.289,11.975],[75.293,11.976]],[[75.165,12.1],[75.158,12.109],[75.165,12.089],[75.165,12.1]],[[75.163,12.115],[75.163,12.105],[75.169,12.103],[75.171,12.11],[75.163,12.115]],[[75.152,12.134],[75.158,12.124],[75.162,12.135],[75.154,12.143],[75.15,12.141],[75.152,12.134]],[[75.147,12.135],[75.148,12.145],[75.142,12.154],[75.142,12.164],[75.137,12.17],[75.136,12.175],[75.127,12.196],[75.127,12.205],[75.123,12.195],[75.129,12.181],[75.14,12.149],[75.156,12.112],[75.157,12.116],[75.147,12.135]],[[75.135,12.186],[75.14,12.174],[75.144,12.167],[75.147,12.153],[75.152,12.16],[75.142,12.171],[75.141,12.18],[75.135,12.186]],[[74.376,14.549],[74.373,14.552],[74.365,14.553],[74.363,14.544],[74.373,14.542],[74.376,14.549]],[[72.942,18.966],[72.939,18.972],[72.927,18.967],[72.924,18.96],[72.933,18.955],[72.937,18.957],[72.942,18.966]],[[72.731,19.468],[72.727,19.466],[72.731,19.458],[72.736,19.467],[72.731,19.468]],[[72.847,20.754],[72.858,20.753],[72.855,20.76],[72.846,20.763],[72.847,20.754]],[[72.658,21.067],[72.654,21.074],[72.648,21.076],[72.645,21.072],[72.651,21.066],[72.658,21.067]],[[72.683,21.098],[72.686,21.091],[72.698,21.108],[72.697,21.119],[72.702,21.123],[72.705,21.134],[72.71,21.138],[72.703,21.146],[72.677,21.156],[72.669,21.153],[72.665,21.148],[72.667,21.137],[72.673,21.12],[72.676,21.105],[72.683,21.098]],[[72.59,21.373],[72.592,21.371],[72.6,21.378],[72.6,21.387],[72.594,21.381],[72.59,21.373]],[[72.612,21.398],[72.615,21.396],[72.627,21.411],[72.628,21.417],[72.612,21.398]],[[72.664,21.442],[72.668,21.438],[72.676,21.443],[72.676,21.447],[72.664,21.442]],[[72.346,21.602],[72.35,21.596],[72.352,21.586],[72.358,21.58],[72.365,21.588],[72.363,21.601],[72.357,21.604],[72.353,21.613],[72.347,21.61],[72.346,21.602]],[[72.595,21.631],[72.596,21.639],[72.588,21.632],[72.59,21.621],[72.598,21.618],[72.602,21.62],[72.602,21.627],[72.595,21.631]],[[72.715,21.646],[72.722,21.643],[72.731,21.646],[72.736,21.644],[72.746,21.647],[72.751,21.655],[72.746,21.659],[72.73,21.662],[72.723,21.666],[72.715,21.664],[72.71,21.66],[72.716,21.651],[72.715,21.646]],[[72.274,21.75],[72.268,21.741],[72.268,21.737],[72.279,21.719],[72.284,21.719],[72.281,21.729],[72.283,21.735],[72.274,21.75]],[[72.352,21.925],[72.358,21.931],[72.355,21.943],[72.352,21.942],[72.348,21.93],[72.352,21.925]],[[72.371,22.235],[72.367,22.232],[72.363,22.223],[72.365,22.208],[72.373,22.205],[72.376,22.207],[72.371,22.214],[72.371,22.235]],[[78.117,8.657],[78.118,8.642],[78.125,8.642],[78.125,8.65],[78.117,8.657]],[[78.577,9.11],[78.573,9.103],[78.58,9.103],[78.58,9.112],[78.577,9.11]],[[79.068,9.2],[79.072,9.202],[79.07,9.208],[79.067,9.208],[79.06,9.201],[79.068,9.2]],[[79.316,9.285],[79.327,9.295],[79.327,9.299],[79.333,9.304],[79.335,9.312],[79.331,9.318],[79.321,9.325],[79.312,9.328],[79.3,9.323],[79.289,9.32],[79.278,9.31],[79.268,9.293],[79.253,9.292],[79.22,9.292],[79.217,9.286],[79.205,9.28],[79.204,9.275],[79.213,9.273],[79.221,9.267],[79.217,9.259],[79.248,9.26],[79.277,9.255],[79.297,9.247],[79.322,9.237],[79.335,9.229],[79.364,9.21],[79.397,9.189],[79.417,9.179],[79.417,9.183],[79.41,9.192],[79.39,9.209],[79.379,9.215],[79.354,9.237],[79.34,9.248],[79.328,9.26],[79.318,9.276],[79.316,9.285]],[[79.696,10.321],[79.691,10.315],[79.697,10.312],[79.703,10.316],[79.696,10.321]],[[80.16,13.571],[80.16,13.581],[80.165,13.584],[80.168,13.59],[80.162,13.596],[80.163,13.605],[80.151,13.612],[80.149,13.618],[80.145,13.612],[80.137,13.606],[80.12,13.606],[80.127,13.588],[80.13,13.589],[80.133,13.6],[80.144,13.597],[80.147,13.591],[80.138,13.59],[80.127,13.587],[80.128,13.578],[80.135,13.575],[80.14,13.566],[80.137,13.561],[80.137,13.553],[80.144,13.545],[80.151,13.551],[80.156,13.56],[80.16,13.571]],[[80.107,13.653],[80.1,13.639],[80.104,13.638],[80.108,13.647],[80.107,13.653]],[[81.515,16.35],[81.545,16.348],[81.542,16.355],[81.528,16.351],[81.516,16.353],[81.515,16.35]],[[82.342,16.711],[82.353,16.71],[82.353,16.706],[82.337,16.691],[82.335,16.698],[82.341,16.704],[82.337,16.72],[82.332,16.725],[82.327,16.722],[82.326,16.714],[82.317,16.705],[82.304,16.699],[82.292,16.697],[82.285,16.698],[82.266,16.703],[82.258,16.702],[82.259,16.69],[82.262,16.685],[82.266,16.672],[82.258,16.661],[82.256,16.654],[82.26,16.647],[82.268,16.643],[82.282,16.642],[82.285,16.639],[82.297,16.613],[82.301,16.609],[82.312,16.602],[82.319,16.617],[82.318,16.633],[82.32,16.643],[82.319,16.652],[82.322,16.656],[82.325,16.666],[82.339,16.685],[82.358,16.705],[82.358,16.712],[82.34,16.718],[82.342,16.711]],[[86.326,20.003],[86.332,19.99],[86.336,19.991],[86.336,20.003],[86.329,20.011],[86.326,20.003]],[[86.315,20.032],[86.308,20.028],[86.31,20.021],[86.316,20.021],[86.321,20.01],[86.325,20.016],[86.317,20.026],[86.315,20.032]],[[86.297,20.029],[86.308,20.034],[86.298,20.039],[86.293,20.046],[86.287,20.046],[86.277,20.052],[86.271,20.052],[86.27,20.058],[86.267,20.058],[86.256,20.051],[86.246,20.038],[86.245,20.03],[86.254,20.03],[86.261,20.034],[86.267,20.035],[86.28,20.027],[86.297,20.029]],[[86.502,20.176],[86.49,20.171],[86.492,20.165],[86.497,20.162],[86.502,20.176]],[[86.801,20.412],[86.802,20.402],[86.8,20.398],[86.808,20.385],[86.815,20.404],[86.814,20.41],[86.808,20.419],[86.803,20.421],[86.801,20.412]],[[86.793,20.404],[86.795,20.41],[86.793,20.426],[86.79,20.426],[86.791,20.412],[86.788,20.405],[86.79,20.4],[86.79,20.388],[86.795,20.393],[86.793,20.404]],[[86.802,20.476],[86.809,20.477],[86.809,20.484],[86.805,20.492],[86.802,20.476]],[[87.018,20.717],[87.012,20.72],[87.002,20.709],[87.009,20.708],[87.014,20.71],[87.018,20.717]],[[87.079,20.758],[87.08,20.753],[87.091,20.752],[87.091,20.758],[87.086,20.764],[87.079,20.758]],[[86.9,20.772],[86.908,20.775],[86.947,20.773],[86.95,20.776],[86.942,20.78],[86.915,20.782],[86.902,20.786],[86.882,20.789],[86.868,20.786],[86.865,20.782],[86.877,20.779],[86.883,20.773],[86.9,20.772]],[[87.02,20.815],[87.019,20.823],[87.011,20.83],[87.003,20.832],[87.001,20.828],[87.005,20.812],[87.014,20.801],[87.017,20.803],[87.02,20.815]],[[88.168,21.592],[88.171,21.585],[88.172,21.574],[88.174,21.567],[88.18,21.561],[88.187,21.56],[88.186,21.577],[88.178,21.592],[88.178,21.601],[88.17,21.6],[88.168,21.592]],[[88.337,21.621],[88.348,21.636],[88.354,21.649],[88.346,21.662],[88.35,21.666],[88.351,21.678],[88.346,21.689],[88.329,21.705],[88.311,21.706],[88.305,21.708],[88.301,21.702],[88.312,21.688],[88.316,21.678],[88.317,21.665],[88.313,21.65],[88.307,21.637],[88.306,21.629],[88.308,21.611],[88.316,21.609],[88.323,21.616],[88.337,21.621]],[[88.272,21.728],[88.265,21.728],[88.261,21.732],[88.269,21.744],[88.272,21.752],[88.271,21.755],[88.254,21.756],[88.221,21.762],[88.217,21.762],[88.214,21.751],[88.214,21.739],[88.211,21.726],[88.212,21.72],[88.22,21.708],[88.221,21.702],[88.216,21.695],[88.201,21.691],[88.199,21.683],[88.209,21.674],[88.226,21.675],[88.233,21.669],[88.232,21.656],[88.237,21.645],[88.235,21.635],[88.223,21.626],[88.217,21.62],[88.217,21.615],[88.233,21.608],[88.245,21.592],[88.245,21.583],[88.241,21.575],[88.248,21.564],[88.257,21.56],[88.271,21.558],[88.288,21.564],[88.292,21.563],[88.301,21.572],[88.306,21.58],[88.305,21.586],[88.293,21.596],[88.289,21.596],[88.288,21.613],[88.293,21.637],[88.312,21.672],[88.309,21.679],[88.297,21.694],[88.284,21.707],[88.272,21.728]],[[88.452,21.627],[88.459,21.642],[88.459,21.649],[88.463,21.655],[88.466,21.669],[88.471,21.674],[88.458,21.703],[88.454,21.709],[88.443,21.709],[88.437,21.706],[88.429,21.696],[88.42,21.69],[88.419,21.683],[88.421,21.673],[88.421,21.651],[88.437,21.634],[88.442,21.623],[88.441,21.617],[88.451,21.621],[88.452,21.627]],[[88.216,21.67],[88.204,21.673],[88.198,21.677],[88.194,21.688],[88.198,21.694],[88.217,21.701],[88.214,21.709],[88.205,21.721],[88.188,21.708],[88.181,21.689],[88.183,21.672],[88.193,21.644],[88.195,21.633],[88.2,21.624],[88.205,21.61],[88.21,21.612],[88.214,21.625],[88.232,21.641],[88.225,21.671],[88.216,21.67]],[[88.411,21.66],[88.414,21.671],[88.412,21.68],[88.413,21.691],[88.418,21.697],[88.429,21.703],[88.424,21.711],[88.422,21.719],[88.412,21.731],[88.403,21.736],[88.4,21.743],[88.401,21.75],[88.395,21.755],[88.391,21.739],[88.387,21.734],[88.37,21.729],[88.371,21.724],[88.386,21.726],[88.395,21.725],[88.402,21.72],[88.404,21.711],[88.399,21.699],[88.383,21.686],[88.38,21.681],[88.382,21.665],[88.387,21.647],[88.384,21.637],[88.383,21.63],[88.389,21.625],[88.39,21.619],[88.387,21.613],[88.393,21.603],[88.402,21.596],[88.407,21.6],[88.406,21.608],[88.408,21.617],[88.413,21.621],[88.425,21.619],[88.432,21.628],[88.425,21.639],[88.418,21.644],[88.413,21.654],[88.411,21.66]],[[88.398,21.713],[88.393,21.718],[88.378,21.718],[88.369,21.719],[88.365,21.722],[88.364,21.73],[88.36,21.734],[88.36,21.745],[88.361,21.746833333333342],[88.361,21.735],[88.364,21.732],[88.372,21.737],[88.381,21.737],[88.387,21.742],[88.39,21.759],[88.385,21.764],[88.381,21.767],[88.373,21.764],[88.366,21.752],[88.3612,21.74719999999999],[88.366,21.756],[88.365,21.764],[88.352,21.764],[88.343,21.754],[88.344,21.742],[88.349,21.727],[88.347,21.721],[88.339,21.714],[88.338,21.71],[88.35,21.694],[88.358,21.687],[88.366,21.687],[88.369,21.693],[88.385,21.701],[88.398,21.713]],[[88.285,21.753],[88.277,21.739],[88.278,21.728],[88.284,21.722],[88.295,21.707],[88.302,21.71],[88.301,21.714],[88.302,21.725],[88.306,21.732],[88.303,21.753],[88.299,21.767],[88.289,21.778],[88.287,21.772],[88.285,21.753]],[[88.164,21.8],[88.167,21.808],[88.173,21.811],[88.17,21.817],[88.157,21.83],[88.151,21.841],[88.146,21.859],[88.137,21.875],[88.135,21.877],[88.122,21.866],[88.113,21.849],[88.104,21.837],[88.099,21.825],[88.077,21.786],[88.072,21.778],[88.07,21.767],[88.066,21.753],[88.066,21.746],[88.061,21.734],[88.058,21.733],[88.044,21.718],[88.045,21.714],[88.039,21.691],[88.037,21.674],[88.042,21.649],[88.062,21.638],[88.072,21.635],[88.082,21.635],[88.09,21.629],[88.116,21.626],[88.124,21.629],[88.135,21.629],[88.143,21.634],[88.143,21.637],[88.152,21.646],[88.155,21.653],[88.156,21.679],[88.154,21.692],[88.158,21.71],[88.163,21.718],[88.171,21.745],[88.17,21.762],[88.171,21.768],[88.168,21.783],[88.164,21.792],[88.164,21.8]],[[88.194,21.763],[88.196,21.757],[88.202,21.761],[88.201,21.769],[88.194,21.763]],[[88.288,21.781],[88.283,21.789],[88.274,21.791],[88.265,21.788],[88.274,21.776],[88.284,21.77],[88.288,21.781]],[[88.361,21.796],[88.361,21.806],[88.352,21.82],[88.35,21.83],[88.352,21.839],[88.352,21.855],[88.344,21.856],[88.339,21.86],[88.331,21.861],[88.315,21.858],[88.312,21.854],[88.315,21.845],[88.308,21.83],[88.296,21.824],[88.285,21.823],[88.266,21.814],[88.26,21.807],[88.261,21.797],[88.264,21.794],[88.282,21.791],[88.287,21.787],[88.293,21.776],[88.297,21.776],[88.304,21.761],[88.31,21.731],[88.306,21.718],[88.311,21.711],[88.317,21.709],[88.332,21.711],[88.345,21.722],[88.34,21.74],[88.34,21.751],[88.343,21.76],[88.349,21.765],[88.357,21.767],[88.375,21.767],[88.378,21.769],[88.38,21.787],[88.375,21.792],[88.361,21.796]],[[88.17,21.791],[88.174,21.801],[88.171,21.809],[88.165,21.8],[88.167,21.792],[88.17,21.791]],[[88.403,21.798],[88.418,21.812],[88.424,21.812],[88.427,21.81],[88.42976923076924,21.801692307692306],[88.427,21.804],[88.426,21.809],[88.422,21.811],[88.383,21.78],[88.383,21.777],[88.394,21.764],[88.396,21.756],[88.401,21.753],[88.403,21.748],[88.401,21.744],[88.404,21.738],[88.409,21.736],[88.423,21.72],[88.425,21.729],[88.421,21.744],[88.425,21.753],[88.421,21.762],[88.423,21.771],[88.434,21.78],[88.44,21.789],[88.441,21.801],[88.433,21.799],[88.43100000000001,21.800666666666665],[88.433,21.8],[88.443,21.802],[88.449,21.8],[88.461,21.79],[88.464,21.795],[88.455,21.799],[88.448,21.807],[88.448,21.815],[88.454,21.822],[88.467,21.827],[88.478,21.838],[88.488,21.838],[88.491,21.85],[88.49,21.856],[88.485,21.872],[88.484,21.885],[88.478,21.89],[88.461,21.894],[88.456,21.896],[88.452,21.905],[88.446,21.905],[88.44,21.906],[88.436,21.902],[88.42,21.903],[88.42,21.894],[88.417,21.887],[88.405,21.878],[88.4,21.873],[88.401,21.857],[88.393,21.838],[88.393,21.833],[88.398,21.819],[88.403,21.798]],[[88.135,21.927],[88.122,21.924],[88.116,21.918],[88.117,21.914],[88.129,21.899],[88.134,21.902],[88.145,21.915],[88.135,21.927]],[[88.165,21.916],[88.17,21.921],[88.172,21.929],[88.163,21.937],[88.16,21.929],[88.165,21.916]],[[88.071,21.921],[88.081,21.932],[88.088,21.933],[88.094,21.949],[88.111,21.972],[88.122,21.988],[88.13,22.005],[88.143,22.021],[88.141,22.026],[88.126,22.019],[88.094,22.011],[88.085,22.004],[88.077,22.0],[88.07,21.991],[88.056,21.96],[88.048,21.933],[88.046,21.916],[88.048,21.911],[88.057,21.913],[88.066,21.92],[88.071,21.921]],[[88.531,21.542],[88.529,21.555],[88.533,21.561],[88.53,21.572],[88.534,21.578],[88.53,21.583],[88.503,21.594],[88.498,21.6],[88.493,21.598],[88.486,21.588],[88.481,21.567],[88.481,21.555],[88.494,21.55],[88.497,21.545],[88.506,21.541],[88.519,21.54],[88.531,21.542]],[[88.9,21.552],[88.904,21.559],[88.893,21.579],[88.88,21.586],[88.876,21.592],[88.858,21.598],[88.842,21.601],[88.835,21.607],[88.831,21.604],[88.832,21.59],[88.828,21.577],[88.836,21.56],[88.842,21.555],[88.854,21.55],[88.875,21.549],[88.892,21.55],[88.9,21.552]],[[88.576,21.574],[88.587,21.588],[88.588,21.601],[88.584,21.611],[88.572,21.623],[88.558,21.632],[88.548,21.632],[88.537,21.639],[88.525,21.653],[88.52,21.644],[88.52,21.636],[88.524,21.627],[88.512,21.609],[88.51,21.601],[88.514,21.598],[88.524,21.596],[88.537,21.588],[88.543,21.573],[88.544,21.567],[88.55,21.564],[88.558,21.569],[88.566,21.569],[88.576,21.574]],[[88.776,21.647],[88.772,21.653],[88.765,21.655],[88.749,21.646],[88.736,21.645],[88.73,21.641],[88.73,21.634199999999986],[88.729,21.637],[88.72,21.638],[88.713,21.625],[88.708,21.59],[88.714,21.578],[88.726,21.573],[88.741,21.573],[88.747,21.578],[88.747,21.589],[88.757,21.6],[88.751,21.604],[88.736,21.61],[88.733,21.618],[88.734,21.623],[88.73017647058822,21.633705882352967],[88.736,21.624],[88.735,21.615],[88.738,21.61],[88.753,21.605],[88.758,21.601],[88.757,21.596],[88.75,21.592],[88.749,21.579],[88.752,21.577],[88.764,21.576],[88.776,21.58],[88.788,21.581],[88.798,21.592],[88.794,21.6],[88.774,21.62],[88.771,21.635],[88.776,21.647]],[[88.592,21.618],[88.603,21.621],[88.599,21.641],[88.593,21.654],[88.586,21.658],[88.584,21.673],[88.58,21.679],[88.577,21.692],[88.568,21.689],[88.571,21.677],[88.571,21.666],[88.565,21.658],[88.555,21.647],[88.554,21.641],[88.558,21.635],[88.573,21.631],[88.592,21.618]],[[88.635,21.675],[88.63,21.665],[88.628,21.653],[88.634,21.657],[88.639,21.668],[88.635,21.675]],[[88.592,21.691],[88.581,21.684],[88.587,21.668],[88.589,21.657],[88.597,21.663],[88.604,21.671],[88.606,21.68],[88.601,21.687],[88.592,21.694],[88.592,21.691]],[[88.746,21.646],[88.75,21.651],[88.741,21.654],[88.721,21.671],[88.713,21.676],[88.703,21.687],[88.7,21.695],[88.697,21.713],[88.694,21.699],[88.687,21.684],[88.696,21.674],[88.701,21.666],[88.706,21.665],[88.713,21.652],[88.725,21.638],[88.737,21.646],[88.746,21.646]],[[88.777,21.664],[88.789,21.658],[88.797,21.656],[88.807,21.664],[88.807,21.673],[88.81,21.683],[88.81,21.704],[88.807,21.707],[88.792,21.703],[88.779,21.696],[88.763,21.691],[88.76,21.683],[88.744,21.683],[88.741,21.689],[88.737,21.688],[88.731,21.686],[88.732,21.683],[88.749,21.673],[88.759,21.663],[88.771,21.666],[88.777,21.664]],[[88.591,21.691],[88.586,21.699],[88.586,21.711],[88.577,21.719],[88.571,21.733],[88.559,21.73],[88.555,21.735],[88.546,21.736],[88.535,21.732],[88.526,21.717],[88.521,21.717],[88.517,21.712],[88.531,21.677],[88.533,21.666],[88.528,21.656],[88.531,21.65],[88.541,21.64],[88.552,21.637],[88.552,21.648],[88.555,21.653],[88.568,21.665],[88.569,21.677],[88.565,21.687],[88.566,21.693],[88.577,21.693],[88.58,21.685],[88.591,21.691]],[[88.939,21.682],[88.942,21.69],[88.936,21.702],[88.923,21.707],[88.918,21.712],[88.914,21.726],[88.905,21.73],[88.898,21.737],[88.883,21.745],[88.877,21.729],[88.872,21.721],[88.871,21.705],[88.873,21.694],[88.882,21.684],[88.886,21.67],[88.886,21.661],[88.894,21.653],[88.905,21.65],[88.91,21.641],[88.922,21.633],[88.926,21.647],[88.935,21.664],[88.939,21.682]],[[88.86,21.643],[88.855,21.656],[88.845,21.674],[88.841,21.689],[88.84,21.716],[88.849,21.738],[88.865,21.756],[88.861,21.762],[88.832,21.766],[88.813,21.751],[88.803,21.747],[88.791,21.749],[88.787,21.741],[88.791,21.735],[88.782,21.733],[88.783,21.721],[88.777,21.712],[88.763,21.704],[88.765,21.699],[88.772,21.701],[88.784,21.71],[88.793,21.714],[88.804,21.717],[88.815,21.71],[88.819,21.703],[88.817,21.691],[88.823,21.671],[88.821,21.658],[88.809,21.64],[88.815,21.629],[88.825,21.627],[88.84,21.62],[88.851,21.626],[88.86,21.637],[88.86,21.643]],[[88.735,21.775],[88.733,21.779],[88.728,21.778],[88.727,21.781],[88.727,21.792],[88.723,21.794],[88.716,21.807],[88.712,21.807],[88.712,21.788],[88.696,21.751],[88.695,21.744],[88.698,21.734],[88.706,21.714],[88.711,21.69],[88.715,21.685],[88.732,21.675],[88.748,21.658],[88.754,21.661],[88.755,21.666],[88.747,21.673],[88.731,21.682],[88.729,21.685],[88.733,21.689],[88.738,21.689],[88.741,21.691],[88.744,21.689],[88.745,21.684],[88.758,21.684],[88.762,21.694],[88.758,21.698],[88.757,21.706],[88.763,21.714],[88.773,21.718],[88.776,21.724],[88.761,21.727],[88.753,21.732],[88.751,21.737],[88.752,21.749],[88.759,21.759],[88.75,21.763],[88.746,21.772],[88.735,21.775]],[[88.756,21.78],[88.752,21.788],[88.751,21.795],[88.748,21.812],[88.741,21.805],[88.738,21.799],[88.73228571428568,21.796857142857128],[88.737,21.799],[88.74,21.806],[88.75,21.816],[88.753,21.814],[88.751,21.801],[88.753,21.789],[88.756,21.782],[88.764,21.788],[88.769,21.802],[88.775,21.81],[88.774,21.816],[88.776,21.824],[88.766,21.826],[88.764,21.834],[88.772,21.856],[88.78076923076922,21.858923076923077],[88.78,21.857],[88.772,21.854],[88.766,21.831],[88.769,21.827],[88.786,21.826],[88.794,21.813],[88.796,21.802],[88.791,21.793],[88.795,21.791],[88.812,21.809],[88.821,21.825],[88.822,21.841],[88.829,21.863],[88.825,21.865],[88.823,21.871],[88.817,21.871],[88.808,21.867],[88.804,21.867],[88.799,21.871],[88.789,21.863],[88.786,21.868],[88.792,21.873],[88.78911111111111,21.878777777777778],[88.793,21.878],[88.793,21.873],[88.787,21.867],[88.793,21.867],[88.797,21.877],[88.808,21.884],[88.809,21.895],[88.814,21.903],[88.799,21.92],[88.793,21.917],[88.781,21.92],[88.775,21.924],[88.754,21.927],[88.744,21.919],[88.732,21.92],[88.724,21.932],[88.718,21.924],[88.717,21.919],[88.72,21.909],[88.729,21.9],[88.741,21.901],[88.751,21.896],[88.751,21.889],[88.757,21.887],[88.758,21.88],[88.772,21.878],[88.777,21.869],[88.786,21.879],[88.788,21.879],[88.78883333333333,21.878833333333333],[88.784,21.874],[88.777,21.865],[88.782,21.862],[88.78085714285714,21.859142857142864],[88.775,21.865],[88.771,21.876],[88.757,21.879],[88.757,21.885],[88.751,21.887],[88.747,21.897],[88.742,21.899],[88.727,21.899],[88.718,21.907],[88.713,21.887],[88.702,21.866],[88.698,21.86],[88.696,21.842],[88.701,21.832],[88.704,21.819],[88.709,21.81],[88.719,21.807],[88.726,21.794],[88.72988235294119,21.795764705882355],[88.728,21.792],[88.728,21.78],[88.734,21.779],[88.736,21.775],[88.746,21.772],[88.756,21.78]],[[88.616,21.727],[88.62,21.737],[88.616,21.741],[88.598,21.747],[88.587,21.752],[88.584,21.761],[88.585,21.775],[88.582,21.778],[88.569,21.769],[88.58,21.756],[88.584,21.745],[88.58,21.726],[88.592,21.719],[88.598,21.723],[88.616,21.727]],[[88.619,21.717],[88.628,21.733],[88.631,21.741],[88.629,21.754],[88.624,21.766],[88.623,21.773],[88.616,21.788],[88.61,21.79],[88.602,21.79],[88.593,21.785],[88.589,21.78],[88.586,21.757],[88.602,21.747],[88.613,21.746],[88.621,21.74],[88.623,21.732],[88.621,21.727],[88.611,21.721],[88.601,21.718],[88.599,21.714],[88.609,21.708],[88.619,21.717]],[[88.462,21.727],[88.467,21.737],[88.466,21.747],[88.469,21.753],[88.47,21.773],[88.475,21.791],[88.467,21.793],[88.464,21.789],[88.459,21.789],[88.448,21.798],[88.443,21.794],[88.441,21.786],[88.436,21.777],[88.425,21.77],[88.423,21.766],[88.427,21.755],[88.423,21.742],[88.43,21.726],[88.427,21.715],[88.433,21.704],[88.441,21.71],[88.455,21.711],[88.457,21.726],[88.462,21.727]],[[88.561,21.731],[88.573,21.736],[88.572,21.747],[88.562,21.76],[88.563,21.776],[88.573,21.786],[88.569,21.794],[88.553,21.808],[88.545,21.81],[88.541,21.811],[88.529,21.802],[88.516,21.79],[88.505,21.772],[88.504,21.751],[88.512,21.735],[88.516,21.73],[88.518,21.721],[88.525,21.718],[88.533,21.731],[88.542,21.738],[88.553,21.737],[88.561,21.731]],[[88.764,21.758],[88.756,21.75],[88.754,21.743],[88.757,21.733],[88.777,21.731],[88.786,21.736],[88.784,21.742],[88.787,21.745],[88.789,21.75],[88.783,21.759],[88.782,21.767],[88.785,21.772],[88.796,21.786],[88.788,21.794],[88.794,21.802],[88.794,21.81],[88.785,21.824],[88.782,21.825],[88.776,21.816],[88.775,21.806],[88.771,21.799],[88.765,21.784],[88.75,21.769],[88.76,21.766],[88.764,21.758]],[[88.785,21.761],[88.791,21.75],[88.804,21.748],[88.812,21.751],[88.83,21.767],[88.822,21.781],[88.823,21.795],[88.828,21.804],[88.831,21.808],[88.823,21.822],[88.82,21.822],[88.811,21.806],[88.797,21.791],[88.795,21.779],[88.786,21.769],[88.785,21.761]],[[88.883,21.814],[88.879,21.82],[88.88,21.829],[88.875,21.846],[88.877,21.852],[88.861,21.854],[88.856,21.857],[88.856,21.865],[88.846,21.858],[88.839,21.849],[88.838,21.836],[88.841,21.815],[88.839,21.792],[88.835,21.782],[88.843,21.779],[88.855,21.78],[88.862,21.778],[88.875,21.769],[88.879,21.759],[88.879,21.749],[88.898,21.738],[88.906,21.731],[88.913,21.728],[88.922,21.743],[88.918,21.747],[88.899,21.747],[88.893,21.751],[88.891,21.763],[88.897,21.782],[88.886,21.792],[88.882,21.798],[88.88,21.808],[88.883,21.814]],[[88.954,21.826],[88.947,21.839],[88.941,21.847],[88.935,21.845],[88.933,21.837],[88.925,21.835],[88.927,21.823],[88.92,21.823],[88.916,21.826],[88.903,21.821],[88.895,21.813],[88.886,21.81],[88.884,21.802],[88.891,21.792],[88.898,21.787],[88.901,21.777],[88.896,21.764],[88.895,21.755],[88.898,21.752],[88.906,21.752],[88.913,21.755],[88.912,21.763],[88.919,21.769],[88.918,21.774],[88.923,21.788],[88.918,21.792],[88.928,21.8],[88.927,21.804],[88.937,21.818],[88.935,21.823],[88.937,21.823],[88.939,21.817],[88.935,21.814],[88.929,21.8],[88.92,21.792],[88.924,21.788],[88.92,21.775],[88.92,21.769],[88.926,21.767],[88.949,21.764],[88.961,21.773],[88.96,21.775],[88.945,21.779],[88.94,21.783],[88.939,21.789],[88.948,21.805],[88.954,21.808],[88.97,21.803],[88.974,21.816],[88.975,21.823],[88.961,21.823],[88.954,21.826]],[[88.456,21.819],[88.45,21.811],[88.453,21.806],[88.46,21.801],[88.486,21.799],[88.5,21.813],[88.498,21.823],[88.489,21.835],[88.485,21.835],[88.478,21.835],[88.471,21.825],[88.456,21.819]],[[88.612,21.809],[88.607,21.815],[88.609,21.821],[88.618,21.826],[88.616,21.831],[88.605,21.836],[88.601,21.847],[88.592,21.85],[88.586,21.847],[88.581,21.839],[88.576,21.817],[88.585,21.802],[88.589,21.799],[88.597,21.797],[88.613,21.798],[88.615,21.801],[88.612,21.809]],[[88.526,21.85],[88.52,21.855],[88.522,21.846],[88.516,21.839],[88.523,21.835],[88.528,21.84],[88.526,21.85]],[[88.64,21.922],[88.636,21.921],[88.632,21.912],[88.623,21.901],[88.629,21.894],[88.629,21.884499999999992],[88.627,21.887],[88.627,21.894],[88.622,21.898],[88.614,21.893],[88.603,21.876],[88.595,21.856],[88.597,21.851],[88.606,21.846],[88.61,21.836],[88.619,21.834],[88.62,21.824],[88.612,21.818],[88.619,21.806],[88.622,21.793],[88.628,21.788],[88.639,21.785],[88.643,21.789],[88.642,21.806],[88.649,21.833],[88.65,21.845],[88.649,21.854],[88.653,21.869],[88.646,21.871],[88.632,21.872],[88.635,21.877],[88.63019999999999,21.883000000000017],[88.641,21.874],[88.653,21.873],[88.653,21.881],[88.66,21.898],[88.665,21.904],[88.667,21.913],[88.65,21.917],[88.64,21.922]],[[88.553,21.818],[88.553,21.827],[88.563,21.831],[88.573,21.859],[88.573,21.872],[88.576,21.884],[88.574,21.894],[88.571,21.901],[88.562,21.897],[88.548,21.904],[88.541,21.901],[88.548,21.894],[88.55,21.881],[88.549,21.877],[88.541,21.87],[88.543,21.862],[88.543,21.856],[88.531,21.849],[88.534,21.834],[88.545,21.826],[88.548,21.818],[88.553,21.818]],[[88.915,21.928],[88.905,21.92],[88.887,21.914],[88.878,21.917],[88.873,21.917],[88.857,21.911],[88.849,21.912],[88.837,21.918],[88.822,21.929],[88.822,21.919],[88.826,21.913],[88.835,21.909],[88.849,21.896],[88.854,21.884],[88.854,21.87],[88.86,21.866],[88.857,21.86],[88.861,21.856],[88.874,21.855],[88.879,21.852],[88.878,21.846],[88.882,21.83],[88.881,21.82],[88.885,21.814],[88.89,21.812],[88.903,21.822],[88.914,21.827],[88.924,21.826],[88.923,21.836],[88.933,21.839],[88.933,21.846],[88.938,21.849],[88.939,21.854],[88.946,21.842],[88.948,21.841],[88.952,21.85],[88.964,21.863],[88.977,21.868],[88.967,21.887],[88.967,21.894],[88.972,21.899],[88.945,21.91],[88.932,21.917],[88.924,21.924],[88.915,21.928]],[[88.823,21.872],[88.826,21.867],[88.831,21.866],[88.839,21.878],[88.841,21.887],[88.834,21.895],[88.826,21.899],[88.817,21.901],[88.811,21.896],[88.809,21.882],[88.803,21.879],[88.801,21.87],[88.808,21.868],[88.819,21.872],[88.823,21.872]],[[88.505,21.913],[88.489,21.911],[88.478,21.903],[88.477,21.898],[88.49,21.889],[88.499,21.896],[88.509,21.91],[88.505,21.913]],[[88.452,21.906],[88.456,21.912],[88.444,21.91],[88.446,21.906],[88.452,21.906]],[[88.787,21.943],[88.784,21.952],[88.776,21.941],[88.766,21.946],[88.76,21.951],[88.75,21.955],[88.749,21.959],[88.755,21.975],[88.745,21.98],[88.725,21.978],[88.723,21.967],[88.724,21.95],[88.722,21.943],[88.733,21.925],[88.741,21.922],[88.747,21.927],[88.762,21.931],[88.776,21.928],[88.789,21.92],[88.799,21.926],[88.805,21.932],[88.805,21.938],[88.792,21.939],[88.787,21.943]],[[88.9,22.013],[88.886,22.011],[88.875,22.012],[88.867,22.024],[88.855,22.019],[88.848,22.017],[88.822,22.022],[88.813,22.019],[88.801,22.03],[88.777,22.015],[88.761,22.015],[88.76,21.996],[88.75,21.982],[88.757,21.973],[88.752,21.959],[88.776,21.943],[88.781,21.951],[88.787,21.955],[88.79,21.952],[88.789,21.943],[88.801,21.942],[88.809,21.939],[88.815,21.941],[88.825,21.94],[88.833,21.935],[88.841,21.925],[88.857,21.919],[88.868,21.922],[88.881,21.923],[88.888,21.921],[88.897,21.923],[88.907,21.93],[88.906,21.937],[88.906,21.952],[88.908,21.969],[88.902,21.987],[88.904,22.007],[88.9,22.013]],[[88.702,21.986],[88.713,21.996],[88.716,22.001],[88.698,22.006],[88.692,22.011],[88.674,22.019],[88.664,22.017],[88.66,22.019],[88.653,22.019],[88.647,22.006],[88.635,21.996],[88.628,21.968],[88.629,21.958],[88.632,21.953],[88.657,21.954],[88.663,21.952],[88.678,21.943],[88.692,21.956],[88.694,21.964],[88.692,21.97],[88.702,21.986]],[[88.745,21.983],[88.753,21.988],[88.759,21.999],[88.752,21.999],[88.743,21.99],[88.745,21.983]],[[88.853,22.04],[88.864,22.029],[88.871,22.028],[88.877,22.015],[88.892,22.015],[88.902,22.019],[88.902,22.025],[88.9,22.037],[88.903,22.045],[88.903,22.05],[88.887,22.058],[88.892,22.049],[88.888,22.045],[88.875,22.043],[88.854,22.043],[88.853,22.04]],[[88.78,22.046],[88.775,22.05],[88.764,22.052],[88.754,22.053],[88.752,22.049],[88.759,22.035],[88.762,22.021],[88.778,22.02],[88.791,22.029],[88.79,22.033],[88.78,22.037],[88.78,22.038],[88.78,22.046]],[[88.786,22.037],[88.795,22.031],[88.806,22.033],[88.813,22.025],[88.832,22.027],[88.831,22.051],[88.819,22.061],[88.812,22.061],[88.806,22.064],[88.801,22.057],[88.792,22.055],[88.787,22.059],[88.785,22.047],[88.78,22.038],[88.786,22.037]],[[88.838,22.072],[88.834,22.064],[88.829,22.07],[88.819,22.063],[88.833,22.05],[88.832,22.045],[88.835,22.026],[88.844,22.022],[88.853,22.023],[88.86,22.027],[88.853,22.035],[88.85,22.043],[88.861,22.046],[88.881,22.046],[88.889,22.047],[88.889,22.052],[88.882,22.058],[88.87,22.063],[88.868,22.07],[88.871,22.079],[88.854,22.079],[88.846,22.074],[88.842,22.073],[88.838,22.072]],[[88.851,22.079],[88.866,22.081],[88.867,22.089],[88.85,22.103],[88.847,22.117],[88.843,22.122],[88.83,22.125],[88.818,22.123],[88.806,22.125],[88.799,22.112],[88.806,22.085],[88.813,22.082],[88.828,22.088],[88.833,22.083],[88.838,22.073],[88.842,22.073],[88.851,22.079]],[[88.633,22.061],[88.628,22.061],[88.63,22.052],[88.636,22.051],[88.633,22.061]],[[88.897,22.089],[88.881,22.084],[88.871,22.087],[88.872,22.077],[88.872,22.063],[88.883,22.059],[88.891,22.06],[88.893,22.073],[88.904,22.084],[88.897,22.089]],[[88.806,22.066],[88.811,22.062],[88.818,22.063],[88.826,22.071],[88.836,22.07],[88.831,22.083],[88.827,22.086],[88.815,22.081],[88.803,22.085],[88.802,22.093],[88.798,22.099],[88.8,22.107],[88.796,22.109],[88.784,22.107],[88.779,22.103],[88.776,22.095],[88.771,22.086],[88.758,22.079],[88.748,22.059],[88.753,22.056],[88.764,22.053],[88.772,22.055],[88.781,22.049],[88.785,22.059],[88.79,22.061],[88.792,22.056],[88.798,22.057],[88.806,22.066]],[[88.72,22.096],[88.722,22.099],[88.709,22.095],[88.692,22.086],[88.695,22.079],[88.706,22.09],[88.72,22.096]],[[88.782,22.176],[88.769,22.18],[88.765,22.192],[88.74,22.197],[88.732,22.194],[88.719,22.198],[88.703,22.207],[88.695,22.209],[88.685,22.208],[88.686,22.199],[88.678,22.184],[88.666,22.173],[88.653,22.163],[88.65,22.147],[88.644,22.131],[88.638,22.122],[88.634,22.106],[88.641,22.094],[88.652,22.081],[88.656,22.066],[88.662,22.052],[88.661,22.039],[88.663,22.024],[88.674,22.023],[88.696,22.014],[88.702,22.007],[88.714,22.009],[88.72,22.006],[88.734,22.011],[88.74,22.02],[88.736,22.032],[88.729,22.038],[88.702,22.049],[88.688,22.06],[88.683,22.07],[88.683,22.08],[88.689,22.09],[88.704,22.101],[88.717,22.108],[88.723,22.113],[88.728,22.124],[88.736,22.133],[88.754,22.145],[88.766,22.146],[88.773,22.155],[88.789,22.169],[88.782,22.176]],[[88.736,22.124],[88.73,22.124],[88.729,22.114],[88.736,22.124]],[[88.923,22.1],[88.923,22.109],[88.918,22.117],[88.906,22.13],[88.902,22.137],[88.9,22.148],[88.886,22.165],[88.881,22.167],[88.865,22.167],[88.853,22.17],[88.848,22.166],[88.856,22.158],[88.856,22.151],[88.86,22.148],[88.857,22.14],[88.848,22.138],[88.835,22.13],[88.846,22.121],[88.85,22.108],[88.854,22.101],[88.863,22.093],[88.872,22.088],[88.883,22.086],[88.896,22.091],[88.908,22.087],[88.917,22.091],[88.923,22.1]],[[88.863,22.17],[88.869,22.173],[88.864,22.186],[88.864,22.197],[88.857,22.205],[88.852,22.203],[88.851,22.194],[88.845,22.189],[88.838,22.195],[88.836,22.205],[88.831,22.209],[88.826,22.205],[88.827,22.198],[88.831,22.195],[88.839,22.179],[88.841,22.171],[88.833,22.165],[88.823,22.169],[88.813,22.179],[88.806,22.178],[88.791,22.16],[88.781,22.155],[88.779,22.149],[88.771,22.143],[88.749,22.135],[88.741,22.115],[88.736,22.105],[88.718,22.089],[88.709,22.085],[88.703,22.078],[88.705,22.065],[88.712,22.06],[88.726,22.056],[88.739,22.057],[88.741,22.066],[88.75,22.081],[88.758,22.088],[88.769,22.092],[88.772,22.106],[88.778,22.111],[88.788,22.114],[88.795,22.114],[88.798,22.125],[88.805,22.131],[88.81,22.131],[88.821,22.127],[88.828,22.134],[88.839,22.136],[88.85,22.143],[88.845,22.151],[88.851,22.156],[88.846,22.161],[88.843,22.168],[88.852,22.174],[88.863,22.17]],[[88.818,22.232],[88.825,22.241],[88.828,22.257],[88.826,22.265],[88.817,22.263],[88.815,22.266],[88.815,22.277],[88.813,22.283],[88.807,22.283],[88.801,22.277],[88.795,22.276],[88.793,22.262],[88.792,22.258],[88.786,22.257],[88.774,22.251],[88.769,22.241],[88.762,22.241],[88.752,22.23],[88.752,22.22],[88.747,22.211],[88.747,22.199],[88.761,22.194],[88.766,22.195],[88.771,22.185],[88.789,22.178],[88.794,22.171],[88.806,22.182],[88.815,22.181],[88.832,22.167],[88.838,22.173],[88.827,22.196],[88.82,22.195],[88.817,22.197],[88.815,22.206],[88.806,22.208],[88.801,22.228],[88.811,22.229],[88.818,22.232]],[[88.903,22.347],[88.898,22.364],[88.894,22.368],[88.884,22.372],[88.875,22.387],[88.868,22.39],[88.865,22.399],[88.862,22.399],[88.856,22.395],[88.856,22.387],[88.859,22.382],[88.861,22.371],[88.865,22.367],[88.874,22.363],[88.881,22.354],[88.893,22.346],[88.899,22.337],[88.903,22.347]],[[88.893,22.487],[88.904,22.496],[88.895,22.501],[88.898,22.509],[88.903,22.508],[88.906,22.521],[88.902,22.527],[88.903,22.537],[88.898,22.549],[88.885,22.55],[88.876,22.54],[88.873,22.532],[88.867,22.53],[88.869,22.525],[88.866,22.521],[88.86,22.518],[88.858,22.512],[88.855,22.509],[88.844,22.507],[88.846,22.502],[88.855,22.502],[88.861,22.499],[88.862,22.493],[88.867,22.486],[88.859,22.483],[88.858,22.474],[88.86,22.469],[88.857,22.455],[88.861,22.447],[88.855,22.436],[88.856,22.423],[88.861,22.413],[88.868,22.412],[88.882,22.403],[88.877,22.388],[88.884,22.376],[88.89,22.376],[88.898,22.386],[88.907,22.392],[88.913,22.393],[88.921,22.399],[88.916,22.407],[88.905,22.412],[88.903,22.422],[88.908,22.434],[88.901,22.445],[88.897,22.459],[88.892,22.466],[88.896,22.472],[88.893,22.487]],[[88.827,22.447],[88.825,22.449],[88.815,22.45],[88.812,22.454],[88.813,22.471],[88.81,22.481],[88.8,22.486],[88.792,22.499],[88.781,22.501],[88.781,22.494],[88.791,22.483],[88.794,22.474],[88.801,22.461],[88.804,22.444],[88.816,22.433],[88.821,22.437],[88.827,22.447]],[[92.852,8.822],[92.859,8.82],[92.863,8.823],[92.862,8.835],[92.858,8.837],[92.853,8.831],[92.852,8.822]],[[92.826,9.192],[92.857,9.202],[92.854,9.209],[92.824,9.196],[92.819,9.213],[92.814,9.22],[92.801,9.231],[92.788,9.244],[92.781,9.25],[92.775,9.23],[92.771,9.227],[92.772,9.221],[92.765,9.215],[92.753,9.215],[92.748,9.212],[92.744,9.216],[92.737,9.215],[92.729,9.22],[92.725,9.219],[92.721,9.214],[92.719,9.194],[92.721,9.183],[92.721,9.172],[92.718,9.158],[92.72,9.146],[92.725,9.138],[92.726,9.132],[92.732,9.124],[92.739,9.123],[92.755,9.127],[92.764,9.124],[92.769,9.128],[92.777,9.121],[92.789,9.119],[92.803,9.121],[92.811,9.124],[92.812,9.131],[92.824,9.138],[92.83,9.138],[92.828,9.151],[92.832,9.163],[92.829,9.176],[92.825,9.181],[92.826,9.192]],[[92.557,10.843],[92.556,10.849],[92.56,10.858],[92.558,10.863],[92.548,10.871],[92.537,10.883],[92.532,10.885],[92.521,10.897],[92.516,10.898],[92.509,10.895],[92.507,10.889],[92.501,10.891],[92.493,10.889],[92.479,10.871],[92.472,10.871],[92.468,10.867],[92.459,10.863],[92.46,10.847],[92.457,10.84],[92.447,10.838],[92.437,10.824],[92.431,10.822],[92.422,10.808],[92.422,10.803],[92.413,10.789],[92.406,10.784],[92.395,10.78],[92.387,10.783],[92.383,10.79],[92.376,10.782],[92.377,10.77],[92.381,10.761],[92.379,10.756],[92.378,10.74],[92.382,10.72],[92.38,10.706],[92.381,10.678],[92.383,10.672],[92.381,10.666],[92.395,10.666],[92.408,10.649],[92.417,10.628],[92.421,10.615],[92.413,10.606],[92.41,10.592],[92.41,10.583],[92.392,10.558],[92.394,10.554],[92.384,10.544],[92.381,10.537],[92.385,10.532],[92.402,10.531],[92.408,10.535],[92.419,10.547],[92.428,10.549],[92.435,10.548],[92.45,10.543],[92.462,10.536],[92.471,10.526],[92.481,10.518],[92.493,10.516],[92.499,10.511],[92.513,10.512],[92.531,10.518],[92.534,10.528],[92.544,10.542],[92.546,10.552],[92.554,10.557],[92.568,10.576],[92.569,10.581],[92.564,10.587],[92.544,10.593],[92.541,10.601],[92.54,10.614],[92.546,10.627],[92.553,10.638],[92.564,10.649],[92.571,10.653],[92.576,10.653],[92.579,10.658],[92.576,10.671],[92.577,10.674],[92.587,10.68],[92.595,10.677],[92.598,10.683],[92.597,10.706],[92.59,10.717],[92.588,10.734],[92.583,10.743],[92.584,10.762],[92.588,10.778],[92.588,10.787],[92.579,10.793],[92.572,10.803],[92.564,10.804],[92.561,10.812],[92.561,10.824],[92.563,10.827],[92.557,10.843]],[[92.609,10.939],[92.609,10.93],[92.615,10.927],[92.618,10.934],[92.609,10.939]],[[92.219,10.972],[92.228,10.976],[92.227,10.982],[92.223,10.983],[92.215,10.979],[92.219,10.972]],[[92.662,10.993],[92.658,10.987],[92.663,10.982],[92.669,10.986],[92.669,10.991],[92.662,10.993]],[[92.693,11.271],[92.697,11.261],[92.688,11.246],[92.693,11.243],[92.695,11.252],[92.706,11.263],[92.707,11.287],[92.706,11.289],[92.694,11.284],[92.693,11.271]],[[92.71,11.301],[92.711,11.308],[92.701,11.311],[92.71,11.301]],[[92.723,11.316],[92.722,11.325],[92.714,11.32],[92.715,11.315],[92.723,11.316]],[[92.676,11.462],[92.677,11.472],[92.671,11.48],[92.668,11.49],[92.66,11.491],[92.646,11.501],[92.646,11.511],[92.641,11.51],[92.636,11.517],[92.632,11.514],[92.627,11.504],[92.623,11.501],[92.616,11.485],[92.611,11.459],[92.616,11.45],[92.624,11.441],[92.62,11.433],[92.624,11.43],[92.625,11.42],[92.622,11.405],[92.614,11.4],[92.61,11.402],[92.596,11.4],[92.588,11.401],[92.592,11.381],[92.589,11.374],[92.581,11.37],[92.581,11.367],[92.589,11.354],[92.599,11.347],[92.609,11.346],[92.613,11.348],[92.627,11.349],[92.638,11.347],[92.649,11.356],[92.662,11.355],[92.666,11.36],[92.677,11.362],[92.681,11.366],[92.691,11.37],[92.69,11.382],[92.692,11.388],[92.678,11.392],[92.675,11.399],[92.664,11.395],[92.658,11.412],[92.672,11.416],[92.675,11.421],[92.673,11.427],[92.68,11.428],[92.685,11.433],[92.685,11.442],[92.676,11.462]],[[92.56,11.538],[92.552,11.537],[92.553,11.531],[92.562,11.517],[92.567,11.517],[92.569,11.527],[92.562,11.532],[92.56,11.538]],[[92.61,11.559],[92.605,11.554],[92.607,11.536],[92.611,11.532],[92.616,11.535],[92.619,11.542],[92.62,11.558],[92.61,11.559]],[[92.596,11.535],[92.597,11.542],[92.597,11.563],[92.588,11.57],[92.589,11.561],[92.584,11.549],[92.588,11.539],[92.596,11.535]],[[92.269,11.555],[92.268,11.569],[92.271,11.576],[92.27,11.585],[92.263,11.59],[92.242,11.592],[92.235,11.591],[92.232,11.587],[92.219,11.592],[92.208,11.583],[92.211,11.581],[92.215,11.571],[92.209,11.56],[92.208,11.548],[92.213,11.535],[92.217,11.529],[92.225,11.529],[92.232,11.526],[92.25,11.526],[92.26,11.518],[92.27,11.523],[92.275,11.535],[92.269,11.555]],[[92.617,11.582],[92.611,11.588],[92.602,11.586],[92.601,11.568],[92.617,11.566],[92.619,11.574],[92.617,11.582]],[[92.557,11.568],[92.565,11.575],[92.562,11.581],[92.567,11.592],[92.554,11.591],[92.545,11.594],[92.546,11.602],[92.54,11.603],[92.534,11.601],[92.532,11.595],[92.535,11.582],[92.532,11.572],[92.538,11.561],[92.553,11.562],[92.557,11.568]],[[92.716,12.168],[92.705,12.171],[92.706,12.18],[92.712,12.192],[92.707,12.197],[92.71,12.208],[92.706,12.228],[92.701,12.236],[92.694,12.239],[92.689,12.235],[92.685,12.221],[92.687,12.215],[92.68,12.214],[92.674,12.218],[92.669,12.206],[92.661,12.201],[92.662,12.216],[92.65,12.184],[92.646,12.179],[92.642,12.159],[92.637,12.146],[92.632,12.123],[92.632,12.114],[92.628,12.111],[92.624,12.103],[92.623,12.091],[92.62,12.071],[92.62,12.065],[92.626,12.062],[92.622,12.048],[92.628,12.043],[92.622,12.041],[92.62,12.034],[92.622,12.027],[92.617,12.026],[92.613,12.007],[92.614,11.99],[92.612,11.984],[92.613,11.961],[92.609,11.956],[92.608,11.948],[92.611,11.94],[92.609,11.929],[92.606,11.923],[92.612,11.914],[92.61,11.907],[92.61,11.887],[92.611,11.871],[92.606,11.869],[92.602,11.874],[92.602,11.897],[92.594,11.899],[92.592,11.888],[92.586,11.888],[92.583,11.909],[92.578,11.927],[92.573,11.927],[92.565,11.943],[92.558,11.94],[92.56,11.935],[92.555,11.929],[92.543,11.923],[92.542,11.919],[92.534,11.912],[92.538,11.904],[92.536,11.9],[92.526,11.895],[92.525,11.872],[92.514,11.848],[92.518,11.843],[92.519,11.831],[92.525,11.826],[92.537,11.839],[92.541,11.836],[92.546,11.828],[92.541,11.822],[92.548,11.817],[92.554,11.793],[92.552,11.785],[92.556,11.773],[92.552,11.756],[92.554,11.74],[92.552,11.736],[92.552,11.721],[92.563,11.693],[92.573,11.699],[92.574,11.715],[92.587,11.717],[92.595,11.71],[92.593,11.703],[92.599,11.69],[92.599,11.679],[92.591,11.669],[92.595,11.665],[92.602,11.649],[92.607,11.641],[92.608,11.635],[92.62,11.633],[92.625,11.628],[92.631,11.628],[92.634,11.636],[92.645,11.633],[92.645,11.625],[92.637,11.616],[92.624,11.618],[92.615,11.622],[92.61,11.622],[92.606,11.609],[92.609,11.6],[92.607,11.595],[92.618,11.585],[92.62,11.577],[92.618,11.563],[92.621,11.562],[92.628,11.571],[92.632,11.573],[92.634,11.579],[92.64,11.575],[92.647,11.572],[92.642,11.56],[92.651,11.552],[92.649,11.546],[92.644,11.541],[92.646,11.524],[92.654,11.515],[92.659,11.514],[92.664,11.507],[92.671,11.504],[92.678,11.511],[92.686,11.511],[92.694,11.505],[92.698,11.507],[92.705,11.493],[92.709,11.488],[92.717,11.493],[92.718,11.502],[92.728,11.518],[92.724,11.527],[92.725,11.533],[92.732,11.543],[92.735,11.553],[92.73,11.558],[92.739,11.571],[92.738,11.576],[92.744,11.585],[92.741,11.593],[92.749,11.601],[92.753,11.61],[92.752,11.633],[92.747,11.641],[92.756,11.647],[92.758,11.656],[92.754,11.658],[92.756,11.666],[92.75,11.667],[92.745,11.676],[92.739,11.678],[92.731,11.674],[92.721,11.686],[92.716,11.676],[92.716,11.666],[92.729,11.661],[92.729,11.657],[92.72,11.653],[92.715,11.653],[92.706,11.649],[92.699,11.649],[92.7,11.641],[92.695,11.639],[92.691,11.632],[92.681,11.637],[92.68,11.629],[92.669,11.633],[92.669,11.641],[92.665,11.646],[92.666,11.654],[92.684,11.651],[92.687,11.656],[92.686,11.662],[92.699,11.666],[92.708,11.67],[92.702,11.674],[92.704,11.684],[92.702,11.692],[92.705,11.706],[92.71,11.696],[92.718,11.706],[92.723,11.697],[92.731,11.698],[92.736,11.693],[92.745,11.692],[92.742,11.709],[92.747,11.71],[92.755,11.701],[92.758,11.708],[92.755,11.717],[92.759,11.729],[92.761,11.746],[92.766,11.752],[92.765,11.767],[92.769,11.774],[92.767,11.779],[92.771,11.785],[92.769,11.799],[92.773,11.807],[92.774,11.816],[92.778,11.83],[92.776,11.833],[92.781,11.844],[92.781,11.851],[92.786,11.855],[92.784,11.86],[92.787,11.872],[92.786,11.88],[92.788,11.884],[92.779,11.892],[92.786,11.9],[92.783,11.905],[92.788,11.92],[92.788,11.926],[92.782,11.931],[92.785,11.934],[92.777,11.938],[92.764,11.94],[92.753,11.931],[92.747,11.932],[92.742,11.922],[92.737,11.915],[92.732,11.899],[92.731,11.885],[92.733,11.875],[92.73,11.86],[92.726,11.842],[92.72,11.832],[92.727,11.862],[92.723,11.877],[92.725,11.883],[92.727,11.898],[92.724,11.903],[92.725,11.911],[92.725,11.931],[92.718,11.934],[92.719,11.939],[92.716,11.951],[92.721,11.963],[92.733,11.971],[92.726,11.974],[92.73,11.993],[92.734,11.998],[92.738,11.996],[92.736,11.977],[92.746,11.982],[92.752,11.979],[92.757,11.988],[92.748,11.995],[92.766,11.998],[92.764,12.012],[92.757,12.003],[92.752,12.003],[92.747,12.017],[92.74,12.017],[92.735,12.024],[92.741,12.026],[92.741,12.034],[92.749,12.036],[92.754,12.027],[92.762,12.021],[92.766,12.025],[92.779,12.025],[92.776,12.031],[92.777,12.04],[92.784,12.047],[92.778,12.05],[92.767,12.046],[92.76,12.056],[92.758,12.064],[92.752,12.071],[92.741,12.075],[92.737,12.08],[92.735,12.089],[92.738,12.111],[92.744,12.12],[92.746,12.131],[92.756,12.154],[92.758,12.165],[92.757,12.176],[92.749,12.177],[92.737,12.182],[92.724,12.178],[92.721,12.18],[92.716,12.168]],[[92.602,11.914],[92.597,11.918],[92.597,11.905],[92.602,11.914]],[[92.724,11.954],[92.725,11.945],[92.732,11.954],[92.724,11.954]],[[92.596,11.966],[92.596,11.961],[92.596,11.938],[92.603,11.936],[92.609,11.941],[92.607,11.945],[92.604,11.965],[92.596,11.976],[92.589,11.972],[92.596,11.966]],[[92.74,11.962],[92.736,11.953],[92.746,11.945],[92.756,11.949],[92.762,11.949],[92.767,11.956],[92.763,11.967],[92.75,11.968],[92.75,11.964],[92.74,11.962]],[[92.83,12.3],[92.82,12.308],[92.809,12.313],[92.803,12.311],[92.8,12.306],[92.793,12.304],[92.785,12.311],[92.777,12.31],[92.771,12.313],[92.768,12.298],[92.775,12.301],[92.782,12.285],[92.775,12.28],[92.771,12.273],[92.764,12.264],[92.758,12.268],[92.752,12.275],[92.749,12.263],[92.742,12.246],[92.749,12.241],[92.751,12.233],[92.761,12.232],[92.769,12.238],[92.768,12.228],[92.764,12.211],[92.769,12.202],[92.765,12.177],[92.76,12.164],[92.754,12.141],[92.747,12.124],[92.745,12.112],[92.739,12.099],[92.739,12.085],[92.741,12.078],[92.748,12.075],[92.757,12.074],[92.765,12.063],[92.772,12.069],[92.782,12.08],[92.793,12.083],[92.791,12.087],[92.794,12.096],[92.788,12.101],[92.799,12.109],[92.811,12.105],[92.813,12.108],[92.812,12.118],[92.808,12.124],[92.803,12.125],[92.806,12.133],[92.811,12.13],[92.821,12.15],[92.819,12.158],[92.825,12.167],[92.828,12.164],[92.837,12.167],[92.841,12.16],[92.849,12.162],[92.855,12.171],[92.851,12.177],[92.855,12.185],[92.849,12.189],[92.847,12.198],[92.853,12.204],[92.861,12.201],[92.863,12.197],[92.875,12.193],[92.882,12.199],[92.875,12.204],[92.872,12.227],[92.863,12.236],[92.859,12.247],[92.864,12.251],[92.876,12.25],[92.888,12.259],[92.886,12.267],[92.88,12.279],[92.887,12.287],[92.882,12.29],[92.875,12.287],[92.87,12.301],[92.858,12.305],[92.849,12.302],[92.839,12.304],[92.83,12.3]],[[92.762,12.229],[92.749,12.231],[92.739,12.233],[92.738,12.223],[92.735,12.216],[92.731,12.213],[92.73,12.229],[92.735,12.239],[92.731,12.242],[92.726,12.24],[92.722,12.228],[92.725,12.221],[92.723,12.218],[92.725,12.208],[92.722,12.196],[92.723,12.189],[92.732,12.192],[92.733,12.185],[92.764,12.182],[92.766,12.185],[92.765,12.193],[92.768,12.201],[92.763,12.209],[92.762,12.229]],[[92.705,12.243],[92.712,12.235],[92.713,12.247],[92.715,12.255],[92.717,12.266],[92.721,12.279],[92.72,12.282],[92.723,12.295],[92.711,12.296],[92.705,12.298],[92.702,12.29],[92.704,12.283],[92.701,12.267],[92.704,12.26],[92.705,12.243]],[[92.746,12.286],[92.74,12.276],[92.739,12.266],[92.735,12.255],[92.743,12.255],[92.746,12.267],[92.748,12.28],[92.75,12.288],[92.746,12.286]],[[92.767,12.27],[92.768,12.285],[92.766,12.292],[92.762,12.294],[92.755,12.283],[92.754,12.276],[92.759,12.27],[92.767,12.27]],[[92.834,12.417],[92.839,12.415],[92.847,12.416],[92.838,12.425],[92.832,12.427],[92.829,12.422],[92.834,12.417]],[[92.829,12.423],[92.829,12.429],[92.839,12.429],[92.846,12.424],[92.857,12.422],[92.865,12.426],[92.878,12.418],[92.885,12.423],[92.893,12.418],[92.896,12.424],[92.888,12.434],[92.877,12.443],[92.877,12.447],[92.892,12.436],[92.897,12.43],[92.905,12.425],[92.91,12.419],[92.907,12.408],[92.916,12.407],[92.915,12.412],[92.92,12.423],[92.919,12.428],[92.924,12.436],[92.919,12.443],[92.928,12.445],[92.932,12.449],[92.942,12.45],[92.95,12.464],[92.957,12.466],[92.959,12.473],[92.951,12.476],[92.944,12.469],[92.935,12.47],[92.932,12.475],[92.933,12.482],[92.941,12.485],[92.945,12.497],[92.956,12.492],[92.959,12.487],[92.968,12.497],[92.966,12.505],[92.966,12.514],[92.969,12.517],[92.975,12.532],[92.976,12.542],[92.971,12.559],[92.962,12.578],[92.962,12.584],[92.957,12.594],[92.956,12.608],[92.959,12.619],[92.958,12.643],[92.963,12.659],[92.962,12.669],[92.965,12.681],[92.963,12.684],[92.965,12.694],[92.963,12.698],[92.966,12.707],[92.971,12.711],[92.981,12.709],[92.977,12.718],[92.969,12.72],[92.964,12.729],[92.969,12.74],[92.962,12.748],[92.96,12.755],[92.953,12.757],[92.949,12.763],[92.95,12.77],[92.939,12.768],[92.934,12.774],[92.935,12.782],[92.943,12.79],[92.948,12.792],[92.949,12.799],[92.954,12.807],[92.948,12.817],[92.944,12.827],[92.948,12.836],[92.941,12.837],[92.937,12.854],[92.931,12.857],[92.927,12.874],[92.928,12.883],[92.92,12.888],[92.909,12.883],[92.905,12.886],[92.909,12.895],[92.91,12.909],[92.907,12.914],[92.899,12.916],[92.898,12.904],[92.892,12.895],[92.874,12.894],[92.871,12.888],[92.875,12.882],[92.845,12.875],[92.842,12.876],[92.841,12.877],[92.858,12.879],[92.872,12.883],[92.87,12.89],[92.874,12.902],[92.869,12.908],[92.864,12.902],[92.859,12.903],[92.854,12.917],[92.855,12.929],[92.857,12.934],[92.861,12.934],[92.867,12.934],[92.871,12.937],[92.877,12.946],[92.873,12.949],[92.877,12.958],[92.875,12.964],[92.882,12.969],[92.883,12.983],[92.888,12.983],[92.897,12.995],[92.898,12.988],[92.907,12.984],[92.906,12.975],[92.907,12.966],[92.91,12.962],[92.908,12.951],[92.914,12.948],[92.919,12.96],[92.927,12.958],[92.931,12.965],[92.936,12.968],[92.939,12.976],[92.932,12.99],[92.922,12.986],[92.909,13.001],[92.904,13.022],[92.908,13.031],[92.916,13.054],[92.902,13.058],[92.911,13.062],[92.915,13.07],[92.921,13.058],[92.929,13.062],[92.934,13.061],[92.938,13.071],[92.942,13.063],[92.943,13.055],[92.934,13.048],[92.937,13.039],[92.943,13.033],[92.951,13.029],[92.955,13.019],[92.961,13.015],[92.969,13.018],[92.966,13.028],[92.971,13.029],[92.989,13.026],[92.992,13.034],[93.006,13.031],[93.011,13.04],[93.009,13.043],[93.016,13.05],[93.021,13.05],[93.031,13.069],[93.026,13.072],[93.029,13.08],[93.035,13.081],[93.036,13.091],[93.032,13.116],[93.031,13.13],[93.037,13.139],[93.036,13.153],[93.034,13.157],[93.037,13.173],[93.032,13.178],[93.037,13.195],[93.045,13.211],[93.043,13.223],[93.049,13.226],[93.056,13.233],[93.056,13.245],[93.06,13.261],[93.064,13.263],[93.066,13.272],[93.046,13.259],[93.041,13.271],[93.047,13.278],[93.038,13.28],[93.034,13.276],[93.029,13.282],[93.02,13.277],[93.012,13.278],[93.011,13.282],[93.021,13.294],[93.013,13.3],[93.013,13.307],[93.007,13.311],[93.0,13.311],[92.997,13.316],[92.987,13.317],[92.977,13.324],[92.97,13.324],[92.96,13.328],[92.953,13.334],[92.955,13.344],[92.964,13.359],[92.97,13.356],[92.977,13.349],[92.979,13.336],[92.984,13.33],[92.989,13.331],[92.99,13.342],[93.003,13.353],[93.019,13.351],[93.027,13.345],[93.04,13.351],[93.046,13.346],[93.041,13.338],[93.04,13.322],[93.046,13.321],[93.055,13.329],[93.062,13.324],[93.062,13.313],[93.065,13.305],[93.071,13.307],[93.072,13.323],[93.077,13.33],[93.087,13.333],[93.091,13.336],[93.089,13.343],[93.079,13.341],[93.072,13.347],[93.066,13.359],[93.063,13.361],[93.06,13.374],[93.056,13.382],[93.051,13.381],[93.053,13.391],[93.063,13.391],[93.069,13.397],[93.066,13.405],[93.06,13.407],[93.063,13.42],[93.051,13.406],[93.037,13.419],[93.037,13.427],[93.022,13.431],[93.022,13.433],[93.035,13.435],[93.036,13.443],[93.033,13.458],[93.027,13.462],[93.036,13.471],[93.036,13.485],[93.041,13.493],[93.04,13.5],[93.044,13.505],[93.043,13.521],[93.045,13.529],[93.042,13.534],[93.04,13.547],[93.036,13.556],[93.029,13.573],[93.019,13.574],[93.014,13.563],[93.016,13.55],[93.013,13.544],[93.009,13.544],[93.003,13.561],[92.993,13.566],[92.989,13.574],[92.985,13.557],[92.981,13.553],[92.987,13.541],[92.992,13.536],[92.989,13.528],[92.976,13.528],[92.974,13.536],[92.965,13.544],[92.959,13.542],[92.951,13.543],[92.948,13.537],[92.938,13.539],[92.919,13.537],[92.914,13.531],[92.918,13.522],[92.928,13.519],[92.923,13.512],[92.929,13.502],[92.925,13.496],[92.92,13.501],[92.914,13.498],[92.904,13.497],[92.905,13.49],[92.901,13.478],[92.877,13.475],[92.871,13.465],[92.876,13.46],[92.874,13.446],[92.881,13.444],[92.884,13.43],[92.876,13.424],[92.87,13.425],[92.868,13.419],[92.872,13.416],[92.87,13.405],[92.866,13.401],[92.859,13.409],[92.85,13.412],[92.845,13.409],[92.842,13.394],[92.853,13.387],[92.865,13.381],[92.855,13.379],[92.851,13.371],[92.845,13.377],[92.839,13.375],[92.836,13.367],[92.836,13.358],[92.834,13.352],[92.836,13.347],[92.835,13.338],[92.827,13.329],[92.827,13.32],[92.831,13.316],[92.827,13.307],[92.842,13.301],[92.836,13.296],[92.839,13.288],[92.833,13.285],[92.829,13.288],[92.823,13.277],[92.828,13.267],[92.836,13.267],[92.839,13.259],[92.848,13.262],[92.854,13.258],[92.85,13.239],[92.844,13.237],[92.839,13.243],[92.831,13.242],[92.828,13.237],[92.829,13.222],[92.824,13.217],[92.832,13.214],[92.818,13.2],[92.824,13.193],[92.821,13.183],[92.827,13.181],[92.835,13.175],[92.814,13.173],[92.813,13.159],[92.81,13.153],[92.821,13.148],[92.829,13.149],[92.836,13.146],[92.842,13.146],[92.846,13.141],[92.84,13.136],[92.842,13.127],[92.824,13.134],[92.819,13.128],[92.811,13.127],[92.811,13.123],[92.816,13.115],[92.824,13.116],[92.821,13.108],[92.82,13.101],[92.812,13.103],[92.808,13.099],[92.805,13.088],[92.811,13.079],[92.806,13.075],[92.797,13.089],[92.797,13.068],[92.793,13.055],[92.796,13.049],[92.795,13.031],[92.789,13.017],[92.791,13.012],[92.806,13.007],[92.815,13.007],[92.819,13.011],[92.825,13.012],[92.819,13.001],[92.809,12.995],[92.817,12.991],[92.814,12.983],[92.806,12.983],[92.8,12.992],[92.795,12.987],[92.793,12.98],[92.798,12.971],[92.792,12.967],[92.793,12.952],[92.801,12.947],[92.801,12.936],[92.795,12.926],[92.794,12.914],[92.801,12.901],[92.825,12.897],[92.828,12.888],[92.831,12.886],[92.828,12.886],[92.824,12.895],[92.811,12.897],[92.803,12.897],[92.792,12.89],[92.791,12.885],[92.794,12.871],[92.793,12.863],[92.781,12.861],[92.771,12.863],[92.769,12.851],[92.763,12.852],[92.754,12.848],[92.744,12.838],[92.738,12.829],[92.733,12.833],[92.724,12.828],[92.72,12.805],[92.721,12.788],[92.729,12.759],[92.731,12.754],[92.731,12.743],[92.738,12.736],[92.741,12.724],[92.739,12.712],[92.741,12.7],[92.729,12.697],[92.728,12.692],[92.734,12.689],[92.736,12.682],[92.733,12.674],[92.745,12.671],[92.753,12.675],[92.76,12.671],[92.77,12.673],[92.784,12.693],[92.787,12.692],[92.787,12.679],[92.789,12.674],[92.784,12.664],[92.784,12.656],[92.78,12.654],[92.782,12.637],[92.779,12.638],[92.779,12.654],[92.777,12.667],[92.773,12.67],[92.762,12.668],[92.754,12.671],[92.75,12.666],[92.744,12.668],[92.74,12.659],[92.733,12.653],[92.736,12.641],[92.727,12.634],[92.723,12.628],[92.719,12.638],[92.715,12.636],[92.71,12.616],[92.701,12.612],[92.695,12.607],[92.688,12.612],[92.685,12.603],[92.701,12.6],[92.707,12.593],[92.705,12.579],[92.709,12.576],[92.705,12.566],[92.709,12.557],[92.699,12.54],[92.7,12.534],[92.694,12.515],[92.701,12.511],[92.701,12.501],[92.708,12.492],[92.703,12.484],[92.701,12.47],[92.703,12.46],[92.707,12.452],[92.702,12.443],[92.703,12.436],[92.698,12.421],[92.701,12.409],[92.698,12.401],[92.698,12.389],[92.699,12.38],[92.704,12.378],[92.706,12.371],[92.701,12.368],[92.701,12.337],[92.709,12.327],[92.707,12.317],[92.715,12.312],[92.719,12.301],[92.731,12.303],[92.737,12.301],[92.748,12.3],[92.754,12.296],[92.758,12.303],[92.767,12.31],[92.772,12.318],[92.78,12.313],[92.79,12.312],[92.795,12.306],[92.804,12.313],[92.809,12.315],[92.826,12.307],[92.832,12.303],[92.839,12.306],[92.847,12.308],[92.857,12.314],[92.868,12.314],[92.873,12.318],[92.878,12.313],[92.887,12.323],[92.889,12.331],[92.88,12.333],[92.881,12.343],[92.887,12.344],[92.884,12.356],[92.879,12.358],[92.874,12.353],[92.867,12.362],[92.86,12.362],[92.86,12.372],[92.853,12.377],[92.845,12.391],[92.838,12.398],[92.842,12.404],[92.836,12.409],[92.829,12.42],[92.829,12.422],[92.829,12.423]],[[92.858,12.929],[92.865,12.917],[92.873,12.916],[92.876,12.927],[92.88,12.921],[92.886,12.923],[92.885,12.929],[92.877,12.932],[92.861,12.934],[92.858,12.929]],[[92.685,12.539],[92.679,12.541],[92.672,12.541],[92.669,12.535],[92.67,12.53],[92.678,12.522],[92.685,12.539]],[[92.722,12.779],[92.715,12.778],[92.721,12.766],[92.725,12.762],[92.722,12.779]],[[92.718,12.733],[92.719,12.75],[92.725,12.754],[92.719,12.767],[92.713,12.773],[92.713,12.818],[92.715,12.826],[92.711,12.829],[92.702,12.815],[92.699,12.803],[92.695,12.798],[92.699,12.787],[92.706,12.78],[92.71,12.772],[92.712,12.737],[92.709,12.731],[92.711,12.725],[92.72,12.723],[92.718,12.733]],[[92.73,12.861],[92.729,12.864],[92.72,12.864],[92.709,12.835],[92.717,12.834],[92.725,12.853],[92.73,12.861]],[[92.782,12.884],[92.789,12.883],[92.792,12.891],[92.786,12.893],[92.782,12.892],[92.782,12.884]],[[92.721,12.888],[92.723,12.905],[92.72,12.912],[92.721,12.943],[92.716,12.942],[92.72,12.969],[92.719,12.979],[92.711,12.985],[92.696,12.992],[92.685,12.988],[92.683,12.982],[92.673,12.964],[92.67,12.962],[92.67,12.952],[92.677,12.95],[92.68,12.941],[92.674,12.933],[92.674,12.928],[92.668,12.919],[92.637,12.92],[92.637,12.913],[92.669,12.911],[92.671,12.906],[92.666,12.903],[92.668,12.896],[92.665,12.881],[92.63,12.883],[92.63,12.881],[92.663,12.879],[92.658,12.871],[92.652,12.867],[92.649,12.861],[92.651,12.847],[92.654,12.838],[92.661,12.826],[92.661,12.818],[92.666,12.812],[92.666,12.804],[92.663,12.796],[92.668,12.79],[92.672,12.794],[92.677,12.809],[92.689,12.817],[92.683,12.829],[92.677,12.825],[92.679,12.838],[92.69,12.834],[92.7,12.84],[92.703,12.845],[92.703,12.851],[92.715,12.863],[92.721,12.888]],[[92.775,12.912],[92.775,12.904],[92.782,12.902],[92.79,12.903],[92.784,12.894],[92.793,12.892],[92.8,12.898],[92.795,12.911],[92.775,12.912]],[[92.754,12.895],[92.757,12.894],[92.758,12.908],[92.755,12.913],[92.754,12.895]],[[92.699,13.098],[92.696,13.09],[92.7,13.072],[92.707,13.071],[92.704,13.08],[92.711,13.09],[92.719,13.093],[92.719,13.099],[92.706,13.095],[92.699,13.098]],[[92.832,13.419],[92.846,13.431],[92.843,13.441],[92.823,13.436],[92.821,13.428],[92.823,13.42],[92.832,13.419]],[[88.972,21.698],[88.967,21.7],[88.951,21.701],[88.954,21.692],[88.954,21.679],[88.958,21.676],[88.963,21.663],[88.963,21.65],[88.965,21.644],[88.971,21.642],[88.978,21.645],[88.988,21.646],[88.99228571428573,21.642428571428564],[88.988,21.645],[88.979,21.644],[88.969,21.64],[88.966,21.642],[88.962,21.647],[88.962,21.662],[88.957,21.676],[88.954,21.677],[88.946,21.661],[88.94,21.647],[88.942,21.64],[88.947,21.638],[88.953,21.628],[88.959,21.622],[88.956,21.617],[88.971,21.613],[88.988,21.613],[88.993,21.617],[88.995,21.626],[88.99302325581395,21.641813953488374],[88.994,21.641],[88.998,21.622],[88.998,21.605],[89.0,21.602],[89.017,21.602],[89.029,21.605],[89.037,21.615],[89.036,21.624],[89.025,21.632],[89.021,21.642],[89.022,21.655],[89.011,21.651],[88.994,21.649],[88.988,21.653],[88.987,21.665],[88.993,21.671],[88.993,21.683],[88.996,21.673],[88.989,21.663],[88.991,21.653],[89.008,21.652],[89.018,21.661],[89.021,21.671],[89.021,21.679],[89.024,21.687],[89.02,21.699],[89.009,21.702],[89.009,21.709],[89.018,21.71],[89.015,21.718],[89.005,21.715],[88.999,21.716],[88.994,21.722],[88.978,21.727],[88.972,21.719],[88.99,21.706],[88.993,21.7],[88.993,21.687],[88.989,21.693],[88.989,21.702],[88.984,21.706],[88.972,21.698]],[[88.971,21.718],[88.969,21.723],[88.977,21.734],[88.987,21.74],[88.985,21.746],[88.97,21.739],[88.965,21.743],[88.965,21.75],[88.948,21.758],[88.934,21.762],[88.927,21.762],[88.926,21.757],[88.931,21.736],[88.923,21.721],[88.947,21.706],[88.95,21.702],[88.967,21.702],[88.972,21.699],[88.984,21.706],[88.971,21.718]],[[89.095,21.651],[89.092,21.667],[89.087,21.671],[89.085,21.678],[89.073,21.69],[89.071,21.702],[89.065,21.715],[89.059,21.722],[89.037,21.721],[89.022,21.715],[89.018,21.708],[89.011,21.708],[89.011,21.703],[89.022,21.7],[89.026,21.688],[89.024,21.68],[89.025,21.66],[89.029,21.652],[89.026,21.644],[89.028,21.635],[89.034,21.634],[89.049,21.62],[89.055,21.618],[89.068,21.62],[89.086,21.63],[89.093,21.637],[89.095,21.651]],[[89.021,21.717],[89.038,21.723],[89.058,21.725],[89.056,21.73],[89.039,21.742],[89.025,21.757],[89.013,21.765],[89.005,21.765],[89.0,21.764],[89.002,21.75],[89.005,21.744],[89.015,21.734],[89.021,21.717]],[[89.015,21.719],[89.015,21.727],[89.012,21.735],[89.004,21.742],[88.999,21.751],[88.997,21.771],[89.007,21.776],[89.012,21.78],[89.0,21.785],[88.99,21.789],[88.987,21.787],[88.975,21.775],[88.967,21.772],[88.963,21.766],[88.952,21.757],[88.962,21.755],[88.967,21.75],[88.966,21.743],[88.97,21.74],[88.984,21.748],[88.988,21.746],[88.989,21.74],[88.977,21.729],[88.994,21.723],[89.0,21.717],[89.005,21.716],[89.015,21.719]],[[89.011,21.776],[88.998,21.77],[89.0,21.766],[89.015,21.766],[89.023,21.76],[89.015,21.786],[89.014,21.798],[89.017,21.812],[89.0,21.812],[88.994,21.811],[88.994,21.802],[88.99,21.79],[89.01,21.784],[89.013,21.779],[89.011,21.776]],[[89.028,21.829],[89.03,21.844],[89.029,21.851],[89.031,21.863],[89.026,21.869],[89.014,21.877],[88.984,21.892],[88.979,21.893],[88.969,21.89],[88.98,21.869],[88.977,21.865],[88.965,21.859],[88.951,21.842],[88.95,21.837],[88.956,21.827],[88.972,21.827],[88.977,21.825],[88.98,21.818],[88.976,21.804],[88.967,21.799],[88.956,21.804],[88.951,21.8],[88.944,21.789],[88.943,21.785],[88.959,21.783],[88.968,21.776],[88.973,21.776],[88.985,21.788],[88.992,21.801],[88.992,21.812],[88.997,21.815],[89.008,21.813],[89.02,21.818],[89.028,21.829]],[[88.974,22.098],[88.983,22.119],[88.986,22.135],[88.985,22.148],[88.975,22.158],[88.967,22.17],[88.961,22.189],[88.95,22.189],[88.944,22.182],[88.938,22.18],[88.92,22.161],[88.913,22.162],[88.897,22.171],[88.895,22.163],[88.905,22.152],[88.909,22.141],[88.909,22.134],[88.923,22.122],[88.93,22.112],[88.931,22.098],[88.921,22.086],[88.908,22.078],[88.902,22.064],[88.906,22.059],[88.911,22.044],[88.908,22.035],[88.914,22.022],[88.916,22.011],[88.913,21.994],[88.92,21.973],[88.926,21.963],[88.931,21.942],[88.944,21.93],[88.969,21.921],[88.992,21.907],[89.004,21.903],[89.015,21.903],[89.021,21.922],[89.017,21.928],[89.009,21.935],[88.995,21.942],[88.991,21.948],[88.993,21.957],[88.998,21.964],[89.011,21.973],[89.012,21.981],[89.006,21.98],[88.994,21.97],[88.988,21.973],[88.988,21.983],[88.972,21.988],[88.971,21.995],[88.976,22.005],[88.969,22.009],[88.965,22.017],[88.977,22.038],[88.961,22.049],[88.963,22.057],[88.958,22.06],[88.939,22.062],[88.934,22.051],[88.935,22.026],[88.938,22.016],[88.946,22.0],[88.931,22.0],[88.924,22.025],[88.924,22.033],[88.922,22.047],[88.922,22.056],[88.926,22.066],[88.937,22.073],[88.956,22.074],[88.964,22.076],[88.97,22.084],[88.974,22.098]],[[89.049,22.127],[89.049,22.133],[89.022,22.148],[89.014,22.164],[89.013,22.176],[89.014,22.191],[89.013,22.196],[89.002,22.199],[88.995,22.199],[88.981,22.194],[88.973,22.193],[88.974,22.177],[88.976,22.17],[88.987,22.159],[88.994,22.149],[88.997,22.14],[88.997,22.132],[88.995,22.123],[88.984,22.096],[88.98,22.079],[88.974,22.07],[88.963,22.061],[88.966,22.056],[88.963,22.05],[88.978,22.04],[88.984,22.046],[88.983,22.055],[88.986,22.057],[88.994,22.056],[89.002,22.06],[89.007,22.053],[89.01,22.055],[89.011,22.06],[89.014,22.064],[89.017,22.062],[89.01894642857144,22.05129464285714],[89.016,22.051],[89.015,22.056],[89.01,22.053],[89.008,22.051],[89.005,22.054],[89.002,22.059],[88.995,22.055],[88.985,22.055],[88.986,22.049],[88.984,22.044],[88.98,22.04],[88.968,22.016],[88.977,22.008],[88.979,22.001],[88.974,21.995],[88.98,21.99],[88.99,21.986],[88.992,21.974],[89.002,21.984],[89.011,21.985],[89.016,21.984],[89.018,21.976],[89.015,21.97],[89.003,21.96],[88.999,21.95],[89.005,21.943],[89.019,21.937],[89.03,21.926],[89.047,21.929],[89.06,21.932],[89.063,21.935],[89.069,21.948],[89.073,21.971],[89.078,21.986],[89.074,22.004],[89.068,22.014],[89.048,22.035],[89.04,22.049],[89.02682352941176,22.051823529411763],[89.038,22.053],[89.039,22.055],[89.032,22.084],[89.031,22.094],[89.035,22.104],[89.035,22.11],[89.049,22.127]],[[88.924,22.179],[88.931,22.177],[88.944,22.193],[88.952,22.191],[88.961,22.194],[88.961,22.2],[88.956,22.214],[88.954,22.222],[88.932,22.225],[88.921,22.231],[88.916,22.218],[88.916,22.206],[88.909,22.199],[88.909,22.194],[88.924,22.179]],[[89.0,22.323],[88.992,22.321],[88.983,22.326],[88.984,22.334],[88.988,22.35],[88.985,22.357],[88.988,22.365],[88.983,22.371],[88.985,22.382],[88.989,22.389],[88.988,22.393],[88.973,22.405],[88.974,22.397],[88.968,22.388],[88.968,22.384],[88.964,22.367],[88.955,22.361],[88.956,22.344],[88.952,22.332],[88.952,22.316],[88.951,22.298],[88.953,22.29],[88.953,22.276],[88.947,22.256],[88.955,22.25],[88.962,22.242],[88.964,22.235],[88.968,22.215],[88.972,22.21],[88.986,22.206],[88.999,22.211],[89.008,22.211],[89.019,22.207],[89.025,22.197],[89.027,22.187],[89.024,22.165],[89.032,22.155],[89.04,22.15],[89.051,22.147],[89.06,22.137],[89.062,22.128],[89.091,22.146],[89.096,22.154],[89.092,22.157],[89.084,22.149],[89.075,22.145],[89.068,22.149],[89.061,22.167],[89.061,22.175],[89.069,22.19],[89.065,22.201],[89.04,22.222],[89.035,22.234],[89.034,22.255],[89.031,22.258],[89.018,22.251],[89.011,22.256],[89.017,22.269],[88.996,22.283],[88.994,22.288],[88.995,22.295],[89.0,22.298],[89.011,22.299],[89.022,22.295],[89.022,22.299],[89.014,22.308],[89.009,22.315],[89.0,22.323]],[[88.978,22.483],[88.971,22.499],[88.97,22.511],[88.965,22.534],[88.961,22.547],[88.956,22.551],[88.935,22.556],[88.92,22.565],[88.896,22.561],[88.895,22.558],[88.902,22.546],[88.905,22.535],[88.904,22.526],[88.914,22.515],[88.914,22.509],[88.907,22.503],[88.906,22.493],[88.896,22.484],[88.899,22.477],[88.895,22.466],[88.903,22.455],[88.904,22.446],[88.912,22.438],[88.919,22.43],[88.919,22.422],[88.908,22.416],[88.918,22.412],[88.926,22.406],[88.927,22.396],[88.93,22.39],[88.926,22.388],[88.916,22.392],[88.902,22.386],[88.896,22.38],[88.9,22.371],[88.902,22.357],[88.905,22.35],[88.907,22.336],[88.919,22.325],[88.928,22.314],[88.932,22.311],[88.943,22.311],[88.947,22.32],[88.946,22.331],[88.951,22.344],[88.949,22.355],[88.954,22.368],[88.957,22.365],[88.964,22.374],[88.965,22.39],[88.97,22.395],[88.964,22.404],[88.969,22.413],[88.982,22.417],[88.988,22.424],[88.997,22.429],[88.997,22.432],[88.989,22.439],[88.988,22.448],[88.993,22.454],[88.995,22.468],[88.988,22.475],[88.983,22.476],[88.978,22.483]],[[93.877,7.204],[93.87,7.216],[93.859,7.217],[93.851,7.214],[93.844,7.221],[93.842,7.229],[93.848,7.234],[93.848,7.24],[93.836,7.239],[93.829,7.236],[93.826,7.238],[93.817,7.235],[93.808,7.229],[93.808,7.215],[93.8,7.206],[93.794,7.212],[93.777,7.212],[93.774,7.207],[93.765,7.21],[93.761,7.214],[93.755,7.211],[93.751,7.203],[93.747,7.201],[93.734,7.187],[93.726,7.186],[93.713,7.192],[93.699,7.189],[93.686,7.19],[93.684,7.183],[93.675,7.176],[93.675,7.16],[93.678,7.153],[93.676,7.14],[93.667,7.139],[93.664,7.13],[93.656,7.126],[93.656,7.115],[93.663,7.112],[93.668,7.117],[93.675,7.113],[93.666,7.103],[93.658,7.101],[93.657,7.095],[93.66,7.086],[93.666,7.087],[93.67,7.081],[93.663,7.073],[93.663,7.067],[93.669,7.066],[93.668,7.055],[93.664,7.049],[93.665,7.042],[93.671,7.039],[93.673,7.033],[93.669,7.029],[93.67,7.013],[93.663,7.008],[93.668,7.003],[93.673,7.003],[93.677,7.016],[93.686,7.018],[93.699,7.012],[93.705,7.002],[93.703,6.995],[93.707,6.99],[93.717,6.994],[93.723,6.992],[93.732,6.98],[93.731,6.97],[93.738,6.959],[93.745,6.962],[93.752,6.939],[93.751,6.93],[93.743,6.929],[93.742,6.925],[93.747,6.918],[93.751,6.908],[93.763,6.916],[93.766,6.914],[93.763,6.908],[93.768,6.901],[93.768,6.895],[93.777,6.891],[93.78,6.882],[93.772,6.877],[93.775,6.871],[93.774,6.864],[93.782,6.854],[93.788,6.857],[93.794,6.849],[93.786,6.836],[93.788,6.829],[93.795,6.824],[93.801,6.814],[93.806,6.813],[93.811,6.818],[93.816,6.816],[93.813,6.808],[93.809,6.807],[93.808,6.799],[93.812,6.795],[93.808,6.784],[93.813,6.778],[93.806,6.773],[93.804,6.768],[93.807,6.763],[93.817,6.757],[93.828,6.754],[93.836,6.758],[93.839,6.77],[93.847,6.78],[93.849,6.79],[93.846,6.801],[93.848,6.808],[93.853,6.815],[93.868,6.815],[93.879,6.802],[93.88,6.794],[93.885,6.795],[93.889,6.804],[93.896,6.805],[93.903,6.816],[93.902,6.82],[93.91,6.831],[93.909,6.838],[93.897,6.841],[93.894,6.847],[93.895,6.855],[93.894,6.867],[93.901,6.872],[93.902,6.881],[93.897,6.893],[93.9,6.897],[93.897,6.902],[93.902,6.907],[93.909,6.905],[93.916,6.913],[93.91,6.923],[93.91,6.931],[93.917,6.933],[93.917,6.945],[93.921,6.95],[93.93,6.955],[93.939,6.95],[93.943,6.951],[93.944,6.96],[93.937,6.962],[93.933,6.97],[93.929,6.974],[93.929,6.984],[93.919,6.993],[93.914,7.0],[93.922,7.01],[93.93,7.01],[93.933,7.002],[93.943,6.993],[93.948,6.998],[93.945,7.009],[93.937,7.013],[93.935,7.02],[93.927,7.027],[93.921,7.023],[93.916,7.025],[93.916,7.032],[93.912,7.041],[93.917,7.048],[93.906,7.063],[93.906,7.07],[93.902,7.077],[93.893,7.079],[93.888,7.086],[93.888,7.093],[93.886,7.105],[93.889,7.11],[93.891,7.121],[93.886,7.126],[93.885,7.135],[93.887,7.14],[93.888,7.151],[93.88,7.175],[93.884,7.188],[93.88,7.193],[93.883,7.204],[93.877,7.204]],[[93.712,7.215],[93.714,7.207],[93.72,7.208],[93.722,7.213],[93.714,7.222],[93.712,7.215]],[[93.75,7.381],[93.741,7.385],[93.725,7.397],[93.721,7.402],[93.722,7.421],[93.72,7.429],[93.716,7.434],[93.713,7.444],[93.707,7.438],[93.707,7.427],[93.709,7.418],[93.704,7.401],[93.707,7.394],[93.684,7.387],[93.68,7.376],[93.672,7.374],[93.666,7.381],[93.662,7.381],[93.657,7.374],[93.649,7.369],[93.64,7.374],[93.632,7.371],[93.631,7.362],[93.633,7.336],[93.636,7.333],[93.636,7.321],[93.629,7.314],[93.621,7.311],[93.626,7.306],[93.633,7.29],[93.634,7.276],[93.629,7.269],[93.639,7.257],[93.638,7.253],[93.649,7.242],[93.653,7.244],[93.663,7.255],[93.67,7.26],[93.671,7.267],[93.679,7.285],[93.686,7.29],[93.698,7.294],[93.705,7.299],[93.706,7.303],[93.718,7.305],[93.725,7.31],[93.729,7.321],[93.735,7.328],[93.737,7.339],[93.743,7.347],[93.749,7.352],[93.749,7.357],[93.755,7.359],[93.757,7.368],[93.756,7.374],[93.75,7.381]],[[93.769,7.402],[93.762,7.399],[93.766,7.394],[93.772,7.398],[93.769,7.402]],[[93.684,7.4],[93.691,7.397],[93.695,7.399],[93.689,7.41],[93.683,7.406],[93.684,7.4]],[[93.548,7.512],[93.55,7.518],[93.544,7.525],[93.541,7.524],[93.54,7.514],[93.548,7.512]],[[93.41,7.968],[93.403,7.974],[93.404,7.982],[93.404,7.998],[93.41,8.007],[93.399,8.017],[93.39,8.019],[93.38,8.025],[93.371,8.022],[93.366,8.014],[93.355,8.008],[93.336,8.012],[93.327,8.002],[93.323,7.993],[93.324,7.977],[93.317,7.971],[93.311,7.962],[93.312,7.951],[93.318,7.943],[93.317,7.934],[93.323,7.926],[93.33,7.923],[93.333,7.935],[93.337,7.936],[93.343,7.932],[93.351,7.943],[93.356,7.941],[93.346,7.932],[93.348,7.926],[93.343,7.918],[93.347,7.912],[93.344,7.902],[93.35,7.894],[93.356,7.889],[93.377,7.882],[93.393,7.892],[93.397,7.902],[93.407,7.902],[93.416,7.907],[93.429,7.905],[93.441,7.899],[93.452,7.884],[93.453,7.876],[93.462,7.872],[93.471,7.884],[93.474,7.896],[93.471,7.902],[93.466,7.917],[93.466,7.928],[93.461,7.936],[93.453,7.942],[93.44,7.954],[93.436,7.956],[93.43,7.968],[93.421,7.959],[93.412,7.962],[93.41,7.968]],[[93.58,7.977],[93.583,7.992],[93.58,7.994],[93.572,8.011],[93.567,8.016],[93.564,8.025],[93.557,8.025],[93.547,8.028],[93.544,8.024],[93.548,8.017],[93.552,8.0],[93.544,8.005],[93.543,8.015],[93.536,8.019],[93.534,8.025],[93.528,8.019],[93.531,8.006],[93.518,7.993],[93.513,7.999],[93.505,7.994],[93.507,7.985],[93.516,7.979],[93.525,7.968],[93.536,7.964],[93.538,7.958],[93.552,7.949],[93.574,7.929],[93.579,7.934],[93.583,7.97],[93.58,7.977]],[[93.601,8.044],[93.601,8.05],[93.598,8.059],[93.591,8.066],[93.593,8.076],[93.591,8.083],[93.59,8.102],[93.589,8.109],[93.579,8.125],[93.563,8.121],[93.561,8.119],[93.571,8.106],[93.572,8.1],[93.57,8.091],[93.58,8.081],[93.581,8.074],[93.574,8.073],[93.572,8.067],[93.592,8.038],[93.601,8.044]],[[93.518,8.173],[93.525,8.171],[93.535,8.18],[93.538,8.19],[93.545,8.196],[93.547,8.21],[93.544,8.225],[93.537,8.23],[93.526,8.231],[93.521,8.233],[93.512,8.228],[93.495,8.223],[93.491,8.218],[93.493,8.208],[93.491,8.199],[93.483,8.194],[93.477,8.185],[93.455,8.176],[93.454,8.166],[93.456,8.159],[93.455,8.149],[93.458,8.141],[93.459,8.124],[93.466,8.113],[93.467,8.105],[93.478,8.09],[93.481,8.096],[93.489,8.092],[93.487,8.088],[93.481,8.086],[93.483,8.078],[93.485,8.052],[93.491,8.05],[93.494,8.054],[93.492,8.061],[93.501,8.066],[93.506,8.072],[93.513,8.074],[93.516,8.084],[93.527,8.076],[93.524,8.074],[93.526,8.067],[93.526,8.055],[93.518,8.047],[93.514,8.05],[93.514,8.064],[93.51,8.067],[93.509,8.051],[93.506,8.044],[93.499,8.039],[93.49,8.047],[93.485,8.044],[93.486,8.037],[93.485,8.018],[93.492,8.0],[93.501,7.997],[93.507,8.002],[93.507,8.013],[93.512,8.017],[93.506,8.024],[93.509,8.034],[93.524,8.032],[93.529,8.038],[93.528,8.045],[93.531,8.049],[93.539,8.042],[93.542,8.038],[93.55,8.035],[93.549,8.051],[93.551,8.064],[93.553,8.066],[93.548,8.088],[93.541,8.091],[93.532,8.1],[93.532,8.105],[93.526,8.119],[93.515,8.136],[93.504,8.144],[93.508,8.156],[93.513,8.162],[93.51,8.166],[93.518,8.173]],[[93.225,8.236],[93.233,8.23],[93.234,8.224],[93.239,8.221],[93.249,8.225],[93.252,8.229],[93.25,8.241],[93.235,8.266],[93.222,8.257],[93.22,8.245],[93.225,8.236]],[[93.134,8.302],[93.131,8.31],[93.133,8.316],[93.141,8.331],[93.141,8.337],[93.143,8.347],[93.132,8.348],[93.126,8.356],[93.119,8.349],[93.113,8.347],[93.106,8.35],[93.099,8.341],[93.095,8.34],[93.095,8.326],[93.085,8.308],[93.083,8.294],[93.085,8.274],[93.095,8.259],[93.101,8.246],[93.112,8.232],[93.116,8.231],[93.123,8.221],[93.132,8.219],[93.153,8.207],[93.159,8.205],[93.166,8.2],[93.175,8.2],[93.179,8.196],[93.196,8.193],[93.202,8.196],[93.206,8.213],[93.194,8.225],[93.179,8.23],[93.174,8.234],[93.154,8.243],[93.137,8.26],[93.131,8.268],[93.126,8.277],[93.126,8.283],[93.134,8.302]],[[93.034,8.451],[93.043,8.441],[93.051,8.438],[93.061,8.443],[93.056,8.448],[93.058,8.456],[93.056,8.462],[93.044,8.473],[93.04,8.469],[93.036,8.46],[93.034,8.451]],[[93.632,8.505],[93.637,8.512],[93.633,8.518],[93.635,8.524],[93.623,8.529],[93.62,8.548],[93.618,8.552],[93.62,8.565],[93.616,8.574],[93.613,8.57],[93.613,8.562],[93.61,8.552],[93.61,8.544],[93.625,8.515],[93.626,8.503],[93.624,8.498],[93.628,8.489],[93.624,8.482],[93.618,8.48],[93.623,8.473],[93.62,8.459],[93.621,8.439],[93.619,8.432],[93.623,8.422],[93.627,8.431],[93.628,8.442],[93.623,8.448],[93.627,8.467],[93.634,8.471],[93.639,8.465],[93.642,8.467],[93.637,8.497],[93.632,8.505]],[[93.083,11.78],[93.086,11.786],[93.08,11.788],[93.078,11.781],[93.083,11.78]],[[93.062,11.822],[93.072,11.836],[93.07,11.842],[93.063,11.845],[93.045,11.842],[93.037,11.836],[93.033,11.837],[93.021,11.843],[93.013,11.85],[93.012,11.838],[93.017,11.831],[93.031,11.824],[93.036,11.819],[93.05,11.812],[93.061,11.816],[93.062,11.822]],[[93.01,12.017],[93.003,12.029],[92.999,12.034],[92.99,12.037],[92.983,12.043],[92.974,12.042],[92.975,12.038],[92.97,12.034],[92.966,12.042],[92.962,12.03],[92.954,12.021],[92.951,12.013],[92.941,12.007],[92.931,12.006],[92.926,11.996],[92.93,11.993],[92.934,11.985],[92.948,11.985],[92.961,11.98],[92.968,11.957],[92.973,11.949],[92.985,11.945],[92.988,11.95],[92.994,11.95],[92.998,11.946],[92.994,11.942],[93.007,11.927],[93.022,11.901],[93.025,11.888],[93.036,11.882],[93.046,11.884],[93.054,11.896],[93.054,11.903],[93.049,11.909],[93.048,11.92],[93.037,11.947],[93.028,11.952],[93.026,11.964],[93.008,11.998],[93.007,12.004],[93.01,12.017]],[[92.99,12.044],[92.999,12.046],[93.002,12.062],[92.999,12.072],[93.002,12.091],[93.005,12.099],[93.003,12.105],[92.991,12.109],[92.971,12.104],[92.967,12.109],[92.96,12.107],[92.962,12.095],[92.966,12.094],[92.97,12.086],[92.961,12.083],[92.962,12.072],[92.975,12.064],[92.975,12.06],[92.99,12.044]],[[93.049,12.084],[93.042,12.088],[93.036,12.098],[93.032,12.11],[93.032,12.118],[93.035,12.125],[93.031,12.135],[93.026,12.139],[93.028,12.157],[93.022,12.158],[93.011,12.151],[93.007,12.146],[93.002,12.134],[93.003,12.124],[92.997,12.126],[92.993,12.136],[92.993,12.141],[92.983,12.149],[92.974,12.148],[92.963,12.151],[92.958,12.149],[92.956,12.142],[92.962,12.123],[92.966,12.119],[92.975,12.117],[92.977,12.113],[92.997,12.114],[93.006,12.108],[93.009,12.1],[93.007,12.094],[93.007,12.076],[93.011,12.071],[93.02,12.072],[93.025,12.07],[93.034,12.061],[93.042,12.046],[93.046,12.045],[93.053,12.061],[93.054,12.076],[93.049,12.084]],[[92.958,12.098],[92.956,12.106],[92.949,12.116],[92.95,12.111],[92.949,12.097],[92.951,12.091],[92.958,12.098]],[[93.117,12.133],[93.123,12.139],[93.121,12.148],[93.11,12.144],[93.113,12.135],[93.117,12.133]],[[93.084,12.155],[93.09,12.172],[93.09,12.18],[93.086,12.188],[93.085,12.195],[93.077,12.202],[93.076,12.21],[93.069,12.211],[93.056,12.191],[93.049,12.17],[93.043,12.159],[93.037,12.134],[93.04,12.127],[93.047,12.128],[93.053,12.11],[93.066,12.098],[93.07,12.087],[93.079,12.085],[93.085,12.089],[93.091,12.099],[93.092,12.107],[93.092,12.123],[93.089,12.131],[93.095,12.142],[93.094,12.148],[93.084,12.155]],[[92.927,12.222],[92.925,12.211],[92.926,12.206],[92.936,12.203],[92.935,12.21],[92.94,12.213],[92.942,12.219],[92.939,12.224],[92.934,12.225],[92.927,12.222]],[[93.105,12.237],[93.106,12.244],[93.106,12.261],[93.1,12.259],[93.099,12.249],[93.092,12.238],[93.087,12.237],[93.084,12.259],[93.078,12.262],[93.071,12.258],[93.065,12.236],[93.066,12.227],[93.084,12.222],[93.094,12.224],[93.091,12.216],[93.099,12.204],[93.104,12.208],[93.104,12.222],[93.101,12.232],[93.105,12.237]],[[92.874,12.228],[92.877,12.213],[92.884,12.222],[92.885,12.228],[92.893,12.234],[92.901,12.228],[92.914,12.23],[92.906,12.251],[92.902,12.256],[92.895,12.256],[92.879,12.246],[92.874,12.249],[92.87,12.238],[92.874,12.228]],[[92.869,12.247],[92.862,12.248],[92.861,12.243],[92.866,12.236],[92.869,12.247]],[[92.919,12.244],[92.922,12.231],[92.925,12.232],[92.929,12.242],[92.928,12.252],[92.93,12.259],[92.942,12.275],[92.941,12.281],[92.934,12.286],[92.933,12.293],[92.937,12.298],[92.934,12.31],[92.929,12.304],[92.929,12.291],[92.93,12.288],[92.927,12.281],[92.914,12.293],[92.905,12.292],[92.901,12.288],[92.902,12.281],[92.908,12.274],[92.914,12.272],[92.915,12.266],[92.923,12.26],[92.919,12.244]],[[93.881,12.237],[93.872,12.268],[93.876,12.271],[93.878,12.282],[93.875,12.288],[93.867,12.296],[93.858,12.293],[93.84,12.321],[93.829,12.312],[93.851,12.287],[93.848,12.286],[93.824,12.307],[93.819,12.3],[93.815,12.285],[93.815,12.271],[93.827,12.245],[93.85,12.269],[93.852,12.267],[93.833,12.242],[93.841,12.237],[93.851,12.234],[93.862,12.234],[93.859,12.265],[93.863,12.266],[93.868,12.234],[93.881,12.237]],[[92.914,12.355],[92.91,12.351],[92.908,12.341],[92.912,12.338],[92.919,12.35],[92.914,12.355]],[[92.873,12.384],[92.88,12.383],[92.89,12.391],[92.894,12.4],[92.889,12.402],[92.881,12.398],[92.873,12.406],[92.866,12.404],[92.853,12.409],[92.844,12.404],[92.844,12.395],[92.848,12.394],[92.867,12.378],[92.873,12.384]],[[92.919,12.365],[92.932,12.359],[92.938,12.378],[92.943,12.385],[92.943,12.4],[92.947,12.407],[92.953,12.409],[92.955,12.415],[92.961,12.42],[92.956,12.429],[92.95,12.43],[92.948,12.417],[92.941,12.422],[92.933,12.419],[92.926,12.404],[92.925,12.392],[92.928,12.387],[92.92,12.377],[92.919,12.365]],[[92.86,12.418],[92.862,12.413],[92.869,12.414],[92.866,12.421],[92.86,12.418]],[[92.98,12.942],[92.981,12.95],[92.988,12.954],[92.98,12.96],[92.979,12.967],[92.988,12.976],[92.993,12.986],[93.002,12.99],[93.007,12.997],[93.003,12.997],[92.989,12.987],[92.984,12.981],[92.979,12.98],[92.971,12.969],[92.969,12.981],[92.961,12.99],[92.958,12.983],[92.953,12.98],[92.961,12.974],[92.961,12.965],[92.954,12.965],[92.955,12.96],[92.96,12.955],[92.973,12.955],[92.974,12.945],[92.96,12.949],[92.958,12.943],[92.969,12.944],[92.974,12.935],[92.98,12.933],[92.983,12.938],[92.98,12.942]],[[92.921,13.001],[92.933,13.0],[92.937,12.996],[92.944,12.997],[92.939,13.011],[92.942,13.019],[92.937,13.026],[92.926,13.024],[92.917,13.017],[92.916,13.012],[92.921,13.001]],[[93.022,13.326],[93.019,13.33],[93.016,13.316],[93.009,13.311],[93.024,13.305],[93.02,13.316],[93.022,13.326]],[[94.25,13.446],[94.249,13.441],[94.256,13.43],[94.263,13.43],[94.272,13.436],[94.276,13.442],[94.277,13.452],[94.273,13.464],[94.263,13.464],[94.25,13.446]],[[92.874,13.512],[92.869,13.513],[92.867,13.506],[92.875,13.504],[92.874,13.512]],[[92.893,13.586],[92.904,13.596],[92.897,13.602],[92.889,13.597],[92.882,13.58],[92.889,13.577],[92.893,13.586]],[[93.056,13.654],[93.052,13.647],[93.043,13.637],[93.048,13.623],[93.054,13.633],[93.055,13.643],[93.065,13.647],[93.064,13.654],[93.056,13.654]],[[93.018,13.633],[93.024,13.627],[93.031,13.629],[93.032,13.634],[93.025,13.648],[93.026,13.661],[93.022,13.67],[93.016,13.676],[92.999,13.668],[92.982,13.665],[92.981,13.659],[92.977,13.656],[92.986,13.643],[93.003,13.647],[93.015,13.644],[93.018,13.633]],[[93.218,13.977],[93.222,13.972],[93.231,13.975],[93.232,13.982],[93.228,13.997],[93.225,14.002],[93.227,14.012],[93.224,14.016],[93.22,14.015],[93.221,13.99],[93.218,13.977]],[[93.355,14.072],[93.366,14.069],[93.37,14.075],[93.371,14.086],[93.375,14.092],[93.375,14.111],[93.378,14.121],[93.371,14.132],[93.366,14.156],[93.354,14.15],[93.362,14.116],[93.364,14.097],[93.358,14.083],[93.353,14.078],[93.355,14.072]],[[93.361,14.182],[93.369,14.181],[93.373,14.19],[93.37,14.193],[93.361,14.189],[93.361,14.182]],[[93.613,14.874],[93.611,14.855],[93.618,14.855],[93.622,14.865],[93.633,14.874],[93.638,14.893],[93.643,14.898],[93.641,14.902],[93.625,14.898],[93.622,14.889],[93.613,14.874]]],[[[88.859,22.358],[88.85,22.363],[88.832,22.358],[88.81828571428572,22.358979591836736],[88.823,22.361],[88.833,22.359],[88.849,22.365],[88.863,22.358],[88.859,22.358]]],[[[76.332,9.826],[76.336,9.809],[76.33,9.802],[76.338,9.786],[76.335,9.774],[76.341,9.763],[76.342,9.757],[76.347,9.75],[76.346,9.733],[76.35,9.725],[76.349,9.713],[76.345,9.714],[76.345,9.725],[76.341,9.732],[76.341,9.744],[76.342,9.751],[76.34,9.763],[76.336,9.766],[76.333,9.774],[76.335,9.779],[76.328,9.787],[76.326,9.793],[76.326,9.806],[76.322,9.808],[76.322,9.83],[76.332,9.826]],[[76.323,9.808],[76.327,9.808],[76.329,9.817],[76.324,9.826],[76.323,9.808]]],[[[88.701,22.531],[88.708,22.529],[88.71179807692307,22.525961538461537],[88.691,22.522],[88.689,22.525],[88.701,22.531]]],[[[92.837,12.891],[92.842,12.892],[92.843,12.891],[92.844,12.886],[92.841,12.877000000000006],[92.84,12.878],[92.843,12.886],[92.843,12.89],[92.84,12.891],[92.834,12.886],[92.831,12.886],[92.837,12.891]]]]}}]}